Index	Formation_Energy_eV	Atomization_Energy_eV	Bandgap_eV	Bandgap_nm	Smallest_Direct_Bandgap_eV	Smallest_Direct_Bandgap_nm	No_of_im_wave_nos_dimensionless	Lowest_wave_no_cm-1	Lowest_wave_no_THz	q*_A-1	I1/I3_dimensionless	I2/I3_dimensionless
1	0.281019	-4.868637651	6.12637836	202.3776206	6.12637836	202.3776206	0	8.441982	0.2530838668	0	0.750673	0.999997
2	0.225151	-4.810532397	6.35351359	195.1427124	6.35351359	195.1427124	1	-17.351049	-0.5201705682	0.5	0.663471	0.982494
3	0.484622	-4.366132393	2.10958543	587.7182587	2.47010653	501.9386251	2	-47.717004	-1.430517606	0.5	0.756637	0.936288
4	0.185951	-4.710431525	6.68326348	185.514439	6.68498058	185.4667879	1	-14.026722	-0.4205099042	0.5	0.645216	0.971654
5	0.390122	-4.460631966	3.23049377	383.7933033	3.62604218	341.9270416	4	-182.72525	-5.477956815	0	0.520956	0.963961
6	0.198774	-4.508115864	4.56653166	271.5062476	4.58273015	270.5465595	1	-14.101849	-0.4227621515	0.5	0.641104	0.916812
7	0.158803	-4.737579027	6.69098962	185.300224	6.69098962	185.300224	1	-26.567209	-0.7964636721	0.5	0.679982	0.981077
8	0.359662	-4.347228257	3.38286706	366.5062367	3.38286706	366.5062367	1	-30.835602	-0.9244266795	0.5	0.698314	0.922793
9	0.170641	-4.551615169	6.93055908	178.8949291	6.93055908	178.8949291	4	-99.277639	-2.976264195	0.5	0.420822	0.896581
10	0.165018	-4.611952479	5.34786192	231.8387973	5.45030323	227.4812654	1	-15.995299	-0.4795262678	0.5	0.711828	0.900367
11	0.093099	-4.541571822	5.01244453	247.3527374	5.01244453	247.3527374	1	-20.764318	-0.6224976422	0.5	0.708396	0.984201
12	0.238761	-4.538210077	5.11475168	242.4050967	5.52510475	224.4015148	1	-11.94209	-0.3580143045	0.5	0.686063	0.905704
13	0.635864	-4.308717627	3.33218887	372.0803123	3.8888551	318.8192523	1	-16.423943	-0.492376672	0.5	0.355884	0.905785
14	0.052489	-4.416709157	5.86447425	211.4156909	5.86447425	211.4156909	1	-29.412208	-0.8817544661	0.5	0.731169	0.99265
15	0.12033	-4.488594357	5.52074898	224.5785635	5.6120375	220.9254438	1	-12.538912	-0.3759065506	0.5	0.739486	0.892133
16	-0.041118	-4.510317148	4.84171018	256.0751944	4.84171018	256.0751944	3	-53.594137	-1.606709352	0	0.401764	0.895813
17	0.11016	-4.359039051	5.55603268	223.1523727	5.55603268	223.1523727	3	-70.299617	-2.107526278	0.5	0.451079	0.907416
18	0.590774	-4.569709918	3.55273796	348.9820779	3.55273796	348.9820779	1	-13.556682	-0.406418481	0.5	0.630455	0.875513
19	0.034302	-4.574621792	5.51077477	224.9850388	5.51077477	224.9850388	1	-14.910591	-0.4470075897	0.5	0.248208	0.840965
20	0.464241	-4.55513024	4.10909341	301.7312462	4.10909341	301.7312462	5	-59.149197	-1.773245607	0	0.624096	0.87329
21	0.535741	-4.483629991	4.15335827	298.5155132	4.15335827	298.5155132	1	-24.346874	-0.729899805	0.5	0.382117	0.935084
22	0.111374	-4.497550504	5.67963594	218.296012	5.98613555	207.1189109	1	-14.814143	-0.4441161558	0.5	0.741191	0.8652
23	0.061041	-4.219526349	3.95125624	313.7842246	3.95125624	313.7842246	1	-23.616865	-0.7080147192	0.5	0.583939	0.955022
24	0.497445	-4.375581224	3.40083798	364.5695216	3.40083798	364.5695216	1	-15.129403	-0.4535673984	0.5	0.69626	0.852711
25	0.158257	-4.310942073	5.57007133	222.5899458	5.57007133	222.5899458	1	-27.520475	-0.8250418241	0.5	0.654468	0.971188
26	0.209628	-4.399296537	4.92405719	251.7927448	5.30054071	233.9085658	1	-10.732914	-0.3217641754	0.5	0.709455	0.932535
27	0.508763	-4.19812751	1.83742661	674.7708282	2.2639298	547.6503182	3	-89.826323	-2.692921302	0.5	0.531092	0.881395
28	0.330544	-4.464614931	5.22958908	237.0820836	5.22995817	237.0653522	1	-22.974353	-0.6887527235	0.5	0.416578	0.756623
29	0.017002	-4.452196717	5.23980704	236.6197583	5.23980704	236.6197583	1	-27.738508	-0.831578279	0.5	0.568411	0.947516
30	0.094578	-4.24118961	3.92739759	315.6904406	4.39012912	282.4158109	2	-65.606143	-1.966819682	0.5	0.471415	0.947651
31	0.020758	-4.246196805	5.65207637	219.3604251	5.76237521	215.1616009	3	-71.653741	-2.148121832	0.5	0.499787	0.914982
32	0.118707	-4.412350107	4.50418287	275.264551	4.50418287	275.264551	1	-26.388185	-0.7910966758	0.5	0.619516	0.891453
33	0.163274	-4.235591981	4.3184928	287.1006003	4.72454179	262.4258458	3	-43.223929	-1.295818812	0	0.41466	0.837184
34	0.216842	-4.231336127	4.27734408	289.8625531	4.29908316	288.3968114	1	-6.775121	-0.2031127075	0.08	0.685268	0.85226
35	0.79308	-4.266180758	4.04462175	306.5408713	4.53678804	273.2862687	1	-11.907873	-0.3569885062	0.5	0.348814	0.853109
36	0.54228	-4.330746244	4.22149521	293.6973309	4.22149521	293.6973309	1	-11.281569	-0.3382124134	0.5	0.677692	0.902908
37	0.432511	-4.263468971	4.45716226	278.1684406	4.45716226	278.1684406	1	-13.088241	-0.3923749946	0.5	0.682204	0.889436
38	0.557208	-4.138772868	3.6216629	342.3404965	3.6216629	342.3404965	1	-20.604676	-0.6177117027	0.5	0.615997	0.818955
39	0.368246	-4.327734662	5.01164764	247.3920683	5.01165742	247.3915856	1	-13.562728	-0.4065997353	0.5	0.661056	0.755959
40	0.277585	-4.418394914	5.10929409	242.6640263	5.10929409	242.6640263	1	-14.69838	-0.4406456737	0.5	0.723244	0.837673
41	-0.027572	-4.349038139	5.45384721	227.3334451	5.73760703	216.0904135	1	-5.894355	-0.1767080474	0.5	0.744437	0.879939
42	0.642039	-4.377331901	3.5394377	350.2934592	3.5394377	350.2934592	1	-12.555607	-0.3764070534	0.5	0.361456	0.793461
43	0.056476	-4.412722849	4.76281641	260.3169572	4.76281641	260.3169572	1	-22.610234	-0.6778367271	0.5	0.695768	0.975441
44	-0.10936	-4.376314654	5.63246441	220.1242272	5.63246441	220.1242272	1	-22.085532	-0.6621065809	0.5	0.368786	0.875024
45	0.050162	-4.160324011	3.87192761	320.2130826	4.29690387	288.5430796	3	-23.324695	-0.6992556963	0	0.498381	0.811524
46	0.323923	-4.207134189	2.81415881	440.5728174	2.81415881	440.5728174	1	-32.951542	-0.9878608679	0.5	0.633151	0.891804
47	-0.180629	-4.300313968	4.61675553	268.5526377	4.61675553	268.5526377	1	-25.532066	-0.765430913	0.5	0.705973	0.960691
48	-0.114855	-4.325341533	4.97482078	249.2234254	4.97482078	249.2234254	1	-20.120063	-0.6031833927	0.5	0.710348	0.830068
49	-0.082919	-4.349874392	5.64068607	219.8033821	5.65036367	219.4269162	1	-17.058546	-0.5114015622	0.5	0.162243	0.837758
50	0.082157	-4.184797932	5.20051516	238.407511	5.20051516	238.407511	4	-43.610709	-1.307414167	0	0.400505	0.891764
51	0.092353	-4.629903418	6.55099853	189.2599838	6.55099853	189.2599838	1	-29.123311	-0.8730935651	0.5	0.377327	0.892053
52	0.506423	-4.51294757	3.83089642	323.642756	3.83089642	323.642756	1	-25.551839	-0.7660236917	0.5	0.568297	0.891172
53	0.110595	-4.498329602	5.33494471	232.4001359	5.69284386	217.7895452	1	-13.553309	-0.4063173612	0.5	0.62838	0.9503
54	0.150822	-4.458102393	4.96327384	249.8032378	5.31402184	233.3151637	4	-32.92193	-0.9869731239	0	0.599611	0.968789
55	-0.006584	-4.405450369	5.74641636	215.7591441	5.74641636	215.7591441	1	-19.170442	-0.5747145148	0.5	0.309004	0.770711
56	0.129706	-4.368674055	7.63574039	162.3734978	7.657887	161.9039136	4	-50.898084	-1.52588384	0	0.621817	0.979824
57	0.00602	-4.392845516	5.90842772	209.8429454	5.90842772	209.8429454	1	-21.186144	-0.6351436482	0.5	0.342528	0.917354
58	0.421408	-4.416530975	4.77005366	259.9219975	4.77005366	259.9219975	1	-34.319186	-1.028861741	0.5	0.344714	0.933844
59	0.620641	-4.217298765	3.85449056	321.6616713	3.85449056	321.6616713	3	-38.366415	-1.150194429	0	0.384821	0.915319
60	0.104821	-4.294045004	5.25572949	235.902909	5.6515075	219.3825055	3	-61.435934	-1.841800153	0.5	0.525927	0.809768
61	-0.03248	-4.431345904	5.49071137	225.8071481	5.49071137	225.8071481	2	-50.021722	-1.499611208	0.5	0.370389	0.884832
62	0.071726	-4.327139529	4.88443903	253.8350602	5.32312145	232.9163231	4	-37.078785	-1.111592311	0	0.46365	0.82019
63	0.495893	-4.200087892	3.83165256	323.5788882	3.83165256	323.5788882	1	-6.41013	-0.1921705693	0.5	0.547934	0.847132
64	0.33437	-4.361610257	3.6953548	335.5136225	3.6953548	335.5136225	1	-15.525339	-0.4654372429	0.5	0.43223	0.907855
65	0.492937	-4.20304309	3.70709001	334.4515164	3.70709001	334.4515164	1	-23.040533	-0.6907367469	0.5	0.71537	0.907168
66	0.146559	-4.174906618	3.61969999	342.5261427	3.98543739	311.0930505	4	-32.100665	-0.9623522562	0	0.620526	0.706879
67	0.405496	-4.290483896	3.54604132	349.6411247	3.54604132	349.6411247	4	-47.79156	-1.432752736	0	0.663614	0.848812
68	0.248653	-4.44732718	4.25823998	291.1629878	4.25823998	291.1629878	3	-38.856059	-1.164873564	0	0.724991	0.80611
69	-0.042419	-4.363885384	4.84714126	255.7882696	5.21744156	237.6340705	1	-14.741397	-0.4419352889	0.5	0.687871	0.796515
70	0.488031	-4.207949215	4.20897789	294.5707741	4.20897789	294.5707741	3	-38.686308	-1.159784565	0	0.641094	0.887284
71	0.149209	-4.172257449	4.13213487	300.0487434	4.59608766	269.7602759	1	-13.027145	-0.3905433854	0.5	0.681199	0.857078
72	1.18888	-4.42472003	3.5022534	354.0126124	3.52205631	352.0221616	1	-8.8115	-0.2641617208	0.5	0.284051	0.966083
73	0.336281	-4.447300381	4.71591819	262.9057217	4.71591819	262.9057217	2	-9.044262	-0.2711397394	0.11	0.735785	0.810961
74	0.999896	-4.613703569	3.80984784	325.4308118	3.80984784	325.4308118	3	-66.843674	-2.003919872	0.5	0.552503	0.712844
75	0.606379	-4.177202103	2.18220086	568.1612074	2.18220086	568.1612074	1	-16.67089	-0.4997799455	0.5	0.403102	0.827643
76	0.919498	-4.597560048	3.71205672	334.0040223	3.81103179	325.3297122	1	-18.995135	-0.5694589512	0.5	0.303014	0.826232
77	1.236661	-4.280397117	3.62481517	342.0427849	3.63047996	341.5090812	1	-14.409166	-0.4319752693	0.5	0.251854	0.971495
78	0.508706	-4.27487513	2.98495648	415.363468	3.13454575	395.5411643	2	-10.957776	-0.3285053583	0.11	0.528818	0.739974
79	0.918903	-3.989121756	2.27922719	543.9746774	2.41216646	513.9951558	4	-64.842086	-1.943913865	0	0.684465	0.731309
80	0.684727	-4.223297586	2.46097229	503.8016399	2.64446178	468.8446945	1	-9.449205	-0.2832796065	0.5	0.610635	0.771444
81	0.29436	-4.274106073	4.86713764	254.7373769	4.91796073	252.1048751	1	-12.3542	-0.3703690326	0.5	0.733616	0.820532
82	0.412279	-4.15618628	2.68534159	461.7073225	2.75336716	450.3002336	1	-11.509865	-0.3450565448	0.5	0.375518	0.722369
83	0.509378	-4.059087278	3.04765093	406.8188595	3.06807431	404.1107712	1	-12.265875	-0.3677211198	0.5	0.492386	0.77602
84	0.697581	-4.207913248	4.48811707	276.2498964	4.96920897	249.5048775	1	-19.131969	-0.573561125	0.5	0.334029	0.859799
85	-0.115601	-4.256006873	4.18760572	296.074167	4.18760572	296.074167	1	-23.844981	-0.7148534544	0.5	0.335122	0.885375
86	0.039513	-3.93998408	4.35024442	285.0051068	4.53385411	273.4631167	1	-15.002956	-0.4497766185	0.5	0.751558	0.89085
87	-0.031189	-4.010686351	4.41304974	280.9489918	4.90243518	252.9032674	4	-48.18404	-1.444518972	0	0.496529	0.812189
88	0.011722	-4.231876418	4.25485812	291.3944109	4.29141293	288.9122757	3	-12.989058	-0.3894015676	0.04	0.618376	0.863738
89	0.058373	-4.550006297	5.48330354	226.1122089	5.52407587	224.4433104	1	-4.385829	-0.1314836448	0.18	0.102861	0.897139
90	0.086555	-3.98892002	3.95916017	313.1577967	4.42572964	280.1440613	3	-46.94837	-1.407474574	0	0.644266	0.694789
91	0.012967	-4.062508962	4.20705005	294.7057584	4.65107179	266.5712187	2	-40.925456	-1.226912431	0.5	0.489396	0.864416
92	0.311818	-4.060772111	4.59745057	269.6803058	4.59745057	269.6803058	3	-22.45895	-0.6733013538	0	0.495738	0.8879
93	0.449441	-4.018909264	3.95578732	313.4248065	3.95578732	313.4248065	4	-32.785077	-0.9828703804	0	0.460953	0.894468
94	0.333831	-4.134518866	4.39941094	281.8199737	4.39941094	281.8199737	2	-14.501098	-0.4347313172	0.12	0.728753	0.86423
95	0.179086	-4.289264167	3.85503669	321.6161025	3.91163196	316.9628145	1	-10.924596	-0.3275106484	0.5	0.335652	0.743446
96	-0.309069	-4.211783058	5.211795	237.8915279	5.211795	237.8915279	4	-66.766102	-2.001594325	0	0.440987	0.895581
97	-0.323652	-4.303148771	5.30512413	233.7064779	5.30512413	233.7064779	1	-13.807481	-0.4139372344	0.5	0.477772	0.786198
98	-0.222537	-4.202034195	5.6893493	217.9233178	5.6893493	217.9233178	3	-68.51798	-2.054114226	0.5	0.442732	0.871869
99	-0.110767	-4.12491807	6.21345085	199.5415922	6.21345085	199.5415922	1	-23.598811	-0.7074734747	0.5	0.363241	0.877727
100	-0.271461	-4.34693683	5.77452475	214.7089032	5.77452475	214.7089032	1	-12.409043	-0.3720131819	0.5	0.867334	0.947998
101	0.05954	-4.408810476	4.84732662	255.7784884	4.84732662	255.7784884	1	-24.615312	-0.7379473615	0.5	0.460978	0.836155
102	0.154026	-4.314324712	5.01514168	247.2197107	5.01514168	247.2197107	1	-24.555158	-0.7361439927	0.5	0.601174	0.712569
103	0.195677	-4.272673639	5.71943364	216.7770366	5.71943364	216.7770366	1	-20.416694	-0.6120761528	0.5	0.289106	0.972912
104	-0.208025	-4.283500904	5.60539795	221.1871283	5.60539795	221.1871283	4	-30.511524	-0.9147110803	0	0.457404	0.781682
105	0.01948	-4.10931043	4.52618234	273.9266301	4.94470458	250.7413447	3	-34.985722	-1.048843957	0	0.372715	0.850775
106	-0.045977	-4.174768317	6.44029955	192.5130758	6.44029955	192.5130758	1	-10.599823	-0.3177742137	0.5	0.250487	0.749514
107	0.223075	-4.454721959	3.7515865	330.4846831	3.7515865	330.4846831	2	-17.812253	-0.5339970951	0.5	0.118155	0.881845
108	0.75743	-3.838600435	3.1823394	389.6007684	3.20346418	387.0316026	6	-106.803687	-3.201889093	0	0.173929	0.826071
109	0.199489	-4.000388865	8.13322551	152.4415958	8.13322551	152.4415958	5	-96.451052	-2.891525378	0.5	0.602955	1
110	0.329782	-4.878836154	5.694934	217.7096127	5.85564211	211.7345719	4	-7.411918	-0.2222033721	0	0.47039	0.999998
111	0.268896	-4.831645493	6.00500648	206.4680329	6.1517745	201.5421527	1	-14.18962	-0.4253934559	0.5	0.437564	0.999634
112	0.519504	-4.390212075	2.47855303	500.228101	2.47855303	500.228101	1	-16.146685	-0.484064699	0.5	0.486402	0.957337
113	0.242366	-4.726081105	6.12280802	202.4956313	6.12280802	202.4956313	1	-14.311567	-0.4290493294	0.5	0.190234	0.900657
114	0.428964	-4.48075223	4.27258605	290.1853493	4.29295717	288.8083497	1	-6.708859	-0.2011262257	0.5	0.452373	0.920138
115	0.262594	-4.509153903	4.36423422	284.0915068	4.55413686	272.2451945	1	-24.727736	-0.7413177431	0.5	0.146406	0.917569
116	0.194675	-4.773771505	6.43033343	192.8114442	6.5794949	188.4402822	1	-19.306064	-0.5787803539	0.5	0.426239	0.987332
117	0.414419	-4.357328774	3.44840912	359.5402495	3.44840912	359.5402495	2	-15.540302	-0.4658858217	0.11	0.148833	0.899965
118	0.21765	-4.585679234	7.06657282	175.451652	7.06657282	175.451652	1	-13.322335	-0.3993929454	0.5	0.337541	0.961747
119	0.210367	-4.631461986	5.37225594	230.7860774	5.389532	230.0462963	1	-14.633589	-0.4387032913	0.5	0.515054	0.899638
120	0.141012	-4.552620258	4.73656976	261.7594458	4.80729431	257.9084607	1	-13.963925	-0.4186273004	0.5	0.469918	0.990897
121	0.285918	-4.555910471	5.15821852	240.3624179	5.20807577	238.0614127	1	-6.000109	-0.1798784677	0.43	0.503748	0.916048
122	0.701588	-4.307851743	3.26644796	379.5688438	3.44841696	359.5394321	2	-11.640395	-0.3489697298	0.5	0.216618	0.958123
123	0.09525	-4.438806601	5.56125357	222.9428779	5.66344111	218.920238	1	-23.031829	-0.690475808	0.5	0.459556	0.994279
124	0.177638	-4.50335121	5.45588521	227.2485266	5.47267427	226.551374	1	-9.644734	-0.2891414095	0.5	0.229502	0.853668
125	0.012967	-4.521089996	4.73186214	262.0198642	4.73186214	262.0198642	1	-12.765675	-0.382704724	0.5	0.169255	0.904293
126	0.161113	-4.372944107	5.39096041	229.9853423	5.39096041	229.9853423	1	-19.955922	-0.5982625768	0.5	0.417616	0.987273
127	0.642796	-4.589752517	3.63681273	340.9144126	3.74956063	330.6632424	1	-9.068566	-0.2718683538	0.5	0.41425	0.911118
128	0.096354	-4.584634484	5.86833346	211.276657	5.86833346	211.276657	1	-8.971042	-0.2689446623	0.5	0.447473	0.920698
129	0.502809	-4.597634502	4.17656521	296.8568221	4.34720325	285.2044876	1	-20.462764	-0.6134572945	0.5	0.40125	0.915198
130	0.604786	-4.495657734	4.3250134	286.6677535	4.3250134	286.6677535	1	-10.142366	-0.3040600188	0.5	0.199943	0.941806
131	0.149719	-4.531269267	5.7262062	216.5206477	5.7262062	216.5206477	1	-11.753874	-0.3523717394	0.5	0.500311	0.901303
132	0.097981	-4.247444333	4.01405909	308.874844	4.01405909	308.874844	1	-14.5353	-0.4357566658	0.5	0.67907	0.760217
133	0.550435	-4.394655022	3.58946336	345.4114866	3.58946336	345.4114866	1	-14.387286	-0.4313193245	0.41	0.497545	0.913443
134	0.20503	-4.32902645	5.20759293	238.0834854	5.20759293	238.0834854	1	-20.90011	-0.6265685777	0.5	0.450065	0.993265
135	0.249906	-4.431083155	4.96984919	249.4727361	4.96984919	249.4727361	1	-0.566353	-0.01697880986	0.01	0.498008	0.926659
136	0.549447	-4.222301298	2.25894308	548.8592813	2.25894308	548.8592813	2	-37.104839	-1.112373389	0.4	0.32443	0.922611
137	0.372906	-4.494317292	5.70608555	217.2841372	5.73549098	216.1701378	1	-2.022281	-0.06062636656	0.31	0.075934	0.924067
138	0.065063	-4.468993416	5.04274573	245.8664271	5.10450631	242.8916334	1	-21.662302	-0.6494184841	0.5	0.42241	0.994892
139	0.140329	-4.254400296	4.36378257	284.1209101	4.47595763	277.0003601	1	-5.192496	-0.1556668761	0.08	0.210389	0.94083
140	0.063549	-4.275470771	5.88943255	210.5197512	5.91612274	209.5700055	1	-21.680092	-0.6499518141	0.5	0.403024	0.98069
141	0.136069	-4.467052001	4.60672483	269.1373853	4.60798938	269.0635271	2	-6.501442	-0.19490803	0.18	0.103767	0.896233
142	0.221317	-4.258621834	4.64244617	267.0665055	4.64244617	267.0665055	1	-9.946683	-0.298193599	0.5	0.44204	0.914193
143	0.26875	-4.244286347	4.12175313	300.8044966	4.15639639	298.2973131	1	-5.705542	-0.1710475847	0.08	0.525507	0.841357
144	0.858233	-4.273091579	4.20109867	295.1232458	4.32092074	286.9392775	1	-13.421821	-0.4023754561	0.5	0.21888	0.899041
145	0.593183	-4.351907869	4.41568471	280.7813413	4.41568471	280.7813413	1	-5.563635	-0.1667933264	0.5	0.492356	0.895198
146	0.475626	-4.301426431	4.57770097	270.843789	4.63264019	267.6318092	1	-2.328662	-0.06981142383	0.09	0.481529	0.893231
147	0.603728	-4.173325036	3.86377143	320.8890324	3.90384971	317.5946739	1	-19.344042	-0.5799189039	0.5	0.47641	0.813017
148	0.431281	-4.345772277	4.88913598	253.5912031	4.88913598	253.5912031	1	-11.20968	-0.3360572387	0.5	0.455859	0.798072
149	0.332698	-4.444354812	5.17204957	239.7196428	5.19272665	238.7650957	1	-13.883766	-0.4162241977	0.5	0.445992	0.883472
150	0.017689	-4.375841934	5.59832018	221.4667678	5.6332182	220.094772	1	-6.679071	-0.2002332053	0.46	0.617408	0.975947
151	0.701246	-4.399197765	3.53276183	350.9554097	3.53276183	350.9554097	1	-16.611838	-0.4980096138	0.5	0.387524	0.899803
152	0.111772	-4.42228485	4.39512046	282.095084	4.39512046	282.095084	1	-17.803901	-0.5337467089	0.5	0.15575	0.892728
153	-0.043158	-4.382177723	5.32315252	232.9149636	5.32315252	232.9149636	1	-14.135798	-0.4237799154	0.5	0.188321	0.898335
154	0.107828	-4.167516432	3.83111007	323.6247074	4.04299193	306.6644448	1	-17.816524	-0.5341251363	0.5	0.492849	0.89552
155	0.372106	-4.231014855	3.03346244	408.7216835	3.10702795	399.0443264	1	-25.096554	-0.7523746117	0.5	0.422134	0.932615
156	-0.134533	-4.313179343	4.42718862	280.0517398	4.47700915	276.9353008	1	-21.061801	-0.6314159445	0.5	0.477489	0.982751
157	-0.070235	-4.345579273	4.91782323	252.1119238	4.92790291	251.5962465	1	-16.308956	-0.4889294537	0.5	0.52174	0.879777
158	0.040166	-4.298853303	5.71550751	216.9259463	5.71550751	216.9259463	3	-29.949212	-0.8978534164	0.5	0.400719	0.974224
159	0.137833	-4.201186074	5.18733271	239.0133706	5.18733271	239.0133706	1	-18.841394	-0.564849919	0.5	0.207872	0.914535
160	0.146778	-4.656551254	6.60147915	187.8127382	6.60147915	187.8127382	1	-15.549561	-0.4661633991	0.5	0.174977	0.905842
161	0.553858	-4.546584934	3.8181952	324.7193531	3.94942537	313.9296883	1	-14.879279	-0.446068881	0.5	0.398011	0.913091
162	0.153828	-4.527160903	5.35595886	231.488312	5.35595886	231.488312	1	-10.273876	-0.3080025834	0.5	0.470554	0.917334
163	0.191512	-4.489477003	5.08937021	243.6140081	5.14102509	241.1662759	1	-9.354415	-0.2804378782	0.5	0.458272	0.932267
164	0.050416	-4.429522195	5.63391869	220.0674067	5.63731534	219.9348095	1	-16.237167	-0.4867772769	0.5	0.215116	0.850101
165	0.180857	-4.410177187	7.8251889	158.4424212	7.83271305	158.2902205	3	-36.129332	-1.08312847	0	0.336013	0.972255
166	0.070678	-4.409260832	5.84507714	212.1172819	5.84507714	212.1172819	1	-12.748469	-0.3821889018	0.5	0.172117	0.926116
167	0.49957	-4.431024121	4.89264092	253.4095381	4.89264092	253.4095381	1	-20.57554	-0.6168382288	0.5	0.192228	0.947418
168	0.683564	-4.247029939	4.01550505	308.76362	4.01550505	308.76362	1	-12.47657	-0.3740375873	0.5	0.350447	0.915358
169	0.147799	-4.332139019	5.57132429	222.5398865	5.57542339	222.3762733	1	-4.71281	-0.1412862736	0.5	0.45016	0.892589
170	0.012387	-4.467550986	6.26785529	197.8095885	6.26785529	197.8095885	1	-12.891118	-0.3864654047	0.5	0.478189	0.907019
171	0.119996	-4.359942833	5.16989263	239.8196566	5.22505054	237.2880159	1	-13.244247	-0.3970519297	0.5	0.207794	0.865014
172	0.548473	-4.228579537	3.87921384	319.6116344	3.88303755	319.296906	1	-8.266901	-0.2478350785	0.5	0.430404	0.839721
173	0.392625	-4.384428392	3.72995019	332.4017245	3.82431508	324.1997193	1	-9.517093	-0.2853148345	0.5	0.404769	0.856779
174	0.540154	-4.236899301	3.85433628	321.6745466	3.89426211	318.376586	1	-20.017458	-0.6001073769	0.5	0.48368	0.921526
175	0.194449	-4.199081575	3.63193746	341.3720333	3.73550185	331.9077129	1	-0.62568	-0.01875738586	0.01	0.582906	0.809484
176	0.452027	-4.32502548	3.68969291	336.0284733	3.74931434	330.6849634	1	-15.929448	-0.4775521075	0.5	0.473734	0.921032
177	0.288119	-4.488934322	4.37548789	283.3608289	4.4617244	277.8840117	1	-14.227161	-0.4265189051	0.5	0.481899	0.881171
178	0.002035	-4.391495295	4.82308316	257.0641713	4.82308316	257.0641713	1	-13.787721	-0.4133448454	0.5	0.595031	0.793683
179	0.534943	-4.24211028	4.3947107	282.1213864	4.42925493	279.9210917	1	-15.333439	-0.4596842345	0.5	0.469453	0.907783
180	0.197102	-4.196428601	4.31019487	287.6533226	4.44030002	279.2247978	1	-11.476216	-0.3440477747	0.5	0.587073	0.954247
181	1.274927	-4.419744862	3.40542662	364.0782826	3.40542662	364.0782826	1	-3.351405	-0.1004724408	0.11	0.203146	0.958953
182	0.412404	-4.452250059	4.39547234	282.0725009	4.49259544	275.9745212	1	-7.364467	-0.2207808291	0.5	0.21203	0.805101
183	1.043761	-4.650910937	4.17055521	297.2846091	4.18318236	296.3872403	1	-12.044465	-0.3610834251	0.5	0.368393	0.808554
184	0.70443	-4.160224137	1.90341322	651.3781991	1.90341322	651.3781991	1	-10.718076	-0.321319344	0.5	0.163954	0.880183
185	0.973537	-4.636175627	3.82781614	323.9031944	3.9699396	312.3074909	1	-17.262472	-0.5175151006	0.5	0.079446	0.920554
186	1.329225	-4.280487654	3.63348792	341.2263651	3.69245623	335.777	2	-18.125489	-0.5433876598	0.5	0.177328	0.965604
187	0.599244	-4.265409442	2.62183203	472.8914214	2.80867662	441.4327611	1	-8.966266	-0.2688014817	0.5	0.171696	0.852097
188	0.988313	-4.012366341	2.42479328	511.3185877	2.48829811	498.2690259	1	-5.010528	-0.150211621	0.5	0.531201	0.78945
189	0.728374	-4.272305474	2.63043268	471.345222	2.71544175	456.5893838	1	-11.13053	-0.333684385	0.5	0.570572	0.729763
190	0.054253	-4.60686655	6.05840703	204.648164	6.05857153	204.6426075	2	-20.352916	-0.6101641393	0.5	0.52675	0.684288
191	0.50693	-4.154190239	2.46372235	503.2392856	2.46372235	503.2392856	1	-7.821945	-0.2344956535	0.5	0.23846	0.807876
192	0.423347	-4.237772454	3.60120064	344.2856978	3.62149454	342.3564116	1	-22.535621	-0.6755998891	0.5	0.500656	0.622667
193	0.723241	-4.263325829	4.78268862	259.2353327	4.80894563	257.8198988	1	-11.246782	-0.3371695269	0.5	0.087816	0.912187
194	-0.051609	-4.256872604	4.34594917	285.2867871	4.38452952	282.7764917	1	-13.505589	-0.4048867537	0.5	0.136643	0.90558
195	0.074963	-3.976598054	4.3084374	287.7706603	4.3084374	287.7706603	1	-15.302907	-0.4587689095	0.5	0.512453	0.90188
196	0.017415	-4.034146033	4.69525751	264.0625935	4.85399895	255.426894	1	-17.816922	-0.534137068	0.5	0.210482	0.852808
197	0.072782	-4.242881089	4.19335368	295.668329	4.25312244	291.5133277	3	-12.890973	-0.3864610578	0.09	0.128235	0.918648
198	0.240973	-4.448478712	4.62598132	268.0170519	4.76559354	260.1652585	1	-24.259841	-0.7272906253	0.5	0.372025	0.727491
199	0.131701	-4.024846794	4.12661653	300.4499852	4.18010403	296.6055071	1	-9.667997	-0.2898388157	0.5	0.559865	0.818591
200	0.064534	-4.092014359	4.44094012	279.1845515	4.44094012	279.1845515	1	-11.58047	-0.3471732262	0.5	0.534134	0.95672
201	0.369086	-4.084576041	4.25968211	291.0644136	4.25968211	291.0644136	1	-1.532805	-0.04595226766	0.1	0.536048	0.918282
202	0.511336	-4.049668726	4.12800685	300.3487931	4.130122	300.1949762	1	-5.616816	-0.1683876502	0.12	0.420321	0.924363
203	0.39407	-4.166934952	4.59872162	269.6057683	4.68508192	264.6361145	1	-5.166058	-0.154874286	0.5	0.441662	0.918728
204	0.237653	-4.323351285	3.82837769	323.855684	3.87005407	320.3681016	1	-8.067151	-0.2418467333	0.5	0.386497	0.688838
205	-0.251506	-4.219077593	5.20501144	238.2015659	5.20501144	238.2015659	1	-13.717545	-0.4112410251	0.5	0.394208	0.976239
206	-0.262598	-4.314159125	5.45195123	227.412503	5.45195123	227.412503	1	-13.788231	-0.4133601348	0.5	0.343882	0.871191
207	-0.172143	-4.223704254	5.77774876	214.5890946	5.77774876	214.5890946	1	-16.578404	-0.4970072892	0.5	0.450805	0.907976
208	-0.052283	-4.147506489	6.10982805	202.9258214	6.10982805	202.9258214	1	-14.332542	-0.4296781431	0.5	0.165301	0.893837
209	-0.210126	-4.366673658	5.85401006	211.7936018	5.85401006	211.7936018	1	-12.485601	-0.3743083295	0.5	0.639379	0.991886
210	0.122238	-4.438766665	5.1832067	239.2036334	5.18537325	239.1036895	1	-12.677173	-0.3800515048	0.5	0.270575	0.897984
211	0.22401	-4.336994736	4.77306647	259.757932	4.77306647	259.757932	1	-16.768652	-0.502710772	0.5	0.269085	0.806177
212	0.273057	-4.287947874	5.52532829	224.3924361	5.52532829	224.3924361	1	-11.762248	-0.3526227852	0.5	0.230539	0.981541
213	-0.149093	-4.305641273	5.7457619	215.7837197	5.85241464	211.8513386	2	-32.925351	-0.9870756827	0.5	0.427733	0.840162
214	0.008077	-4.213368251	5.1189019	242.2085634	5.1189019	242.2085634	1	-9.135888	-0.2738866135	0.5	0.144562	0.855438
215	0.055316	-4.166129192	6.26021848	198.0508954	6.26021848	198.0508954	1	-8.947346	-0.2682342752	0.5	0.158522	0.922205
216	0.288535	-4.497359148	3.63150859	341.4123483	3.63150859	341.4123483	1	-9.692493	-0.2905731861	0.5	0.189019	0.810981
217	0.788173	-3.91595483	3.64667091	339.992806	3.64667091	339.992806	5	-71.528073	-2.144354406	0	0.120801	0.879199
218	0.208321	-4.099653445	8.16168415	151.9100534	8.16168415	151.9100534	1	-6.969388	-0.2089366767	0.5	0.37518	1
219	0.442414	-4.869996579	5.39664288	229.7431761	5.64386771	219.6794714	0	6.038446	0.1810277803	0	0.306601	0.999999
220	0.389725	-4.824986994	5.72853363	216.4326782	5.95928603	208.0520836	1	-13.436533	-0.4028165101	0.5	0.285268	0.99913
221	0.625654	-4.387852924	2.4269951	510.8547089	2.4269951	510.8547089	1	-15.260114	-0.4574860096	0.5	0.323208	0.969435
222	0.379361	-4.715942456	6.40254098	193.6484092	6.40254098	193.6484092	2	-22.827049	-0.6843366674	0.5	0.220732	0.974974
223	0.539253	-4.474254475	4.16805294	297.4630825	4.16805294	297.4630825	2	-3.089685	-0.09262628455	0.08	0.301742	0.946559
224	0.386023	-4.4998964	4.29313676	288.7962683	4.44812945	278.7333169	1	-23.306494	-0.6987100449	0.5	0.101374	0.945061
225	0.324738	-4.770565721	6.1761062	200.748147	6.39849751	193.7707835	1	-17.337421	-0.5197620116	0.5	0.275373	0.991698
226	0.535619	-4.350299544	3.41941608	362.5887714	3.45931829	358.4064175	1	-14.81803	-0.444232685	0.5	0.101483	0.931783
227	0.36369	-4.582352238	6.96207454	178.0851194	6.96207454	178.0851194	1	-11.881836	-0.3562079378	0.5	0.233333	0.980963
228	0.33048	-4.625520049	5.14521903	240.9696979	5.27148628	235.197781	1	-13.734549	-0.4117507914	0.5	0.339677	0.931812
229	0.252709	-4.544714671	4.47952496	276.7797672	4.63684878	267.3888958	1	-12.201997	-0.3658061085	0.5	0.307612	0.993478
230	0.406021	-4.549978583	5.22179203	237.4360887	5.22179203	237.4360887	1	-6.229942	-0.1867686772	0.39	0.331678	0.943211
231	0.823919	-4.299691181	3.22862471	384.0154824	3.37250448	367.632388	2	-16.977805	-0.5089810117	0.5	0.166719	0.955235
232	0.215713	-4.432513945	5.31321454	233.350614	5.49817317	225.5006958	1	-21.498857	-0.6445185338	0.5	0.298672	0.996334
233	0.311527	-4.496317622	5.49514681	225.6248865	5.49514681	225.6248865	1	-12.047395	-0.3611712642	0.5	0.299689	0.940865
234	0.13687	-4.511357374	4.54658108	272.6976279	4.54658108	272.6976279	1	-12.167351	-0.3647674491	0.5	0.115439	0.937101
235	0.281558	-4.366669159	5.21408424	237.7870817	5.21408424	237.7870817	1	-17.219412	-0.5162241962	0.5	0.276764	0.992606
236	0.778498	-4.580906887	3.56487089	347.794328	3.72148171	333.1581268	1	-10.78788	-0.3234120121	0.5	0.275223	0.940304
237	0.226807	-4.581038099	5.69035427	217.8848305	5.758586	215.3031795	1	-5.164111	-0.1548159165	0.5	0.302089	0.940312
238	0.648383	-4.594773265	4.12613961	300.4847127	4.36687047	283.9200027	1	-16.911669	-0.5069983073	0.5	0.264471	0.943433
239	0.75903	-4.484126914	4.3442061	285.4012556	4.3442061	285.4012556	1	-11.426736	-0.3425644039	0.5	0.142583	0.965648
240	0.28008	-4.527765431	5.76446484	215.0836044	5.76446484	215.0836044	1	-11.510188	-0.3450662281	0.5	0.327431	0.936362
241	0.215227	-4.244368806	4.05764861	305.5567385	4.05764861	305.5567385	1	-12.299529	-0.3687300398	0.5	0.519804	0.792483
242	0.684391	-4.387556223	3.53366466	350.8657427	3.61414389	343.0527154	1	-12.762046	-0.3825959294	0.42	0.325323	0.94353
243	0.325547	-4.322679884	5.0566312	245.1912798	5.0566312	245.1912798	1	-17.461782	-0.5234902549	0.5	0.292864	0.995853
244	0.379883	-4.42796229	4.97623106	249.1527946	4.97623106	249.1527946	1	-1.81525	-0.0544197428	0.09	0.324279	0.951277
245	0.667526	-4.218393301	2.23151903	555.6044375	2.23151903	555.6044375	2	-19.331125	-0.5795316626	0.5	0.23845	0.956613
246	0.510771	-4.483308005	5.6018444	221.3274391	5.64052283	219.8097433	2	-19.057803	-0.5713376877	0.5	0.049073	0.950934
247	0.185819	-4.462407868	4.81052422	257.7352943	4.96245657	249.8443781	1	-19.966674	-0.5985849132	0.5	0.280639	0.998926
248	0.251477	-4.24704409	4.26379251	290.7838204	4.28785887	289.1517452	1	-8.143413	-0.244133007	0.5	0.149259	0.964617
249	0.195587	-4.27028861	5.67022387	218.6583641	5.79016645	214.1288832	1	-21.044719	-0.6309038398	0.5	0.266988	0.990054
250	0.276094	-4.453883174	4.52970294	273.7137273	4.53088684	273.6422072	1	-8.864116	-0.2657391064	0.5	0.070494	0.929507
251	0.367589	-4.255063149	4.58751639	270.2642934	4.58751639	270.2642934	1	-5.275065	-0.1581422286	0.5	0.303204	0.940498
252	0.388369	-4.238837228	4.00347405	309.6914979	4.00347405	309.6914979	1	-4.565425	-0.1368677892	0.1	0.354164	0.89164
253	0.992	-4.266180994	4.20189338	295.0674287	4.23479259	292.7751121	1	-12.546155	-0.37612369	0.5	0.178209	0.909362
254	0.726831	-4.345116123	4.37277996	283.5363057	4.43680274	279.4448949	1	-3.436863	-0.1030344033	0.11	0.324968	0.929195
255	0.62152	-4.298246695	4.52111924	274.2333943	4.66141949	265.9794679	1	-0.140335	-0.004207131032	0.01	0.314393	0.929821
256	0.751505	-4.168261519	3.80847135	325.5484318	3.90585427	317.4316781	1	-18.449509	-0.5531015202	0.5	0.319397	0.87387
257	0.579278	-4.340488482	4.85529719	255.3585964	4.85529719	255.3585964	1	-9.45397	-0.2834224574	0.5	0.311143	0.866447
258	0.478681	-4.441085338	5.10953962	242.6523655	5.2305993	237.0362944	1	-11.015126	-0.3302246654	0.5	0.305945	0.92154
259	0.148104	-4.372282878	5.6029317	221.2844885	5.62400546	220.4553115	1	-1.48366	-0.04447893987	0.32	0.405306	0.989738
260	0.852353	-4.390803347	3.56182666	348.0915816	3.56182666	348.0915816	1	-16.313086	-0.4890532678	0.5	0.258484	0.934572
261	0.234844	-4.413383534	4.25789706	291.1864373	4.25789706	291.1864373	1	-15.459956	-0.4634771129	0.5	0.107654	0.92992
262	0.094081	-4.371794459	5.18620917	239.0651504	5.18620917	239.0651504	1	-14.566086	-0.4366796054	0.5	0.123381	0.93155
263	0.226739	-4.162775766	3.88270239	319.3244681	4.01859709	308.5260472	1	-16.368326	-0.4907093188	0.5	0.328388	0.931419
264	0.505849	-4.224128231	2.95117371	420.11823	3.0720876	403.5828521	1	-24.223287	-0.7261947656	0.5	0.278475	0.954843
265	-0.023701	-4.306139048	4.17613424	296.8874572	4.32517399	286.6571098	1	-18.739239	-0.5617873938	0.5	0.313362	0.988618
266	0.049043	-4.340471852	4.72128484	262.6068787	4.81164958	257.6750145	1	-14.572513	-0.4368722817	0.5	0.346596	0.919788
267	0.168971	-4.296905251	5.56219019	222.9053364	5.56219019	222.9053364	1	-24.978216	-0.7488269331	0.5	0.261399	0.983731
268	0.272696	-4.193179988	5.11435324	242.4239815	5.11435324	242.4239815	1	-17.365259	-0.5205965726	0.5	0.149652	0.94992
269	0.296543	-4.649499397	6.44078371	192.4986044	6.4759395	191.4535915	1	-14.86411	-0.4456141265	0.5	0.119087	0.93994
270	0.701751	-4.541406209	3.74673812	330.9123391	3.89897313	317.9919005	1	-10.611131	-0.3181132185	0.5	0.263286	0.942044
271	0.284993	-4.522852173	5.35659464	231.4608364	5.35659464	231.4608364	1	-10.307171	-0.3090007408	0.5	0.31438	0.939328
272	0.321512	-4.486333518	5.16421451	240.0833414	5.16421451	240.0833414	1	-6.635158	-0.1989167287	0.5	0.30344	0.950555
273	0.198904	-4.423748183	5.54301577	223.6764113	5.54301577	223.6764113	1	-14.750161	-0.4421980267	0.5	0.145926	0.903714
274	0.342586	-4.4115498	7.76730648	159.6231433	7.77846254	159.3942079	1	-7.404945	-0.2219943271	0.5	0.229969	0.987875
275	0.222179	-4.400473255	5.73996446	216.0016641	5.73996446	216.0016641	1	-12.049765	-0.3612423149	0.5	0.117135	0.955013
276	0.673231	-4.420464139	4.84232927	256.0424553	4.90126726	252.9635316	1	-19.896432	-0.5964791142	0.5	0.125194	0.964809
277	0.852393	-4.241301901	4.03776733	307.061248	4.03776733	307.061248	1	-11.826122	-0.3545376767	0.5	0.237442	0.941944
278	0.293369	-4.329282659	5.57303978	222.4713844	5.57303978	222.4713844	1	-6.894913	-0.2067039758	0.5	0.301121	0.929855
279	0.154748	-4.467903383	6.30839812	196.5383053	6.30839812	196.5383053	1	-10.765917	-0.3227535789	0.5	0.312115	0.938112
280	0.26928	-4.353372179	5.12131809	242.0942917	5.12131809	242.0942917	1	-13.243978	-0.3970438653	0.5	0.301331	0.958811
281	0.696427	-4.223339015	3.8302719	323.6955255	3.92341326	316.0110326	1	-8.725669	-0.2615885761	0.5	0.296046	0.883745
282	0.541796	-4.377970739	3.64319308	340.3173667	3.78635599	327.4498961	1	-10.008512	-0.300047183	0.5	0.291031	0.886566
283	0.688277	-4.231488932	3.7886501	327.251618	3.9112389	316.9946677	1	-18.176865	-0.5449278712	0.5	0.316297	0.947218
284	0.324635	-4.195751616	3.69095791	335.9133064	3.73056797	332.3466789	1	-0.472955	-0.01417881254	0.01	0.388747	0.874468
285	0.599089	-4.320677447	3.62910128	341.638819	3.756364	330.0643589	1	-15.164591	-0.4546223065	0.5	0.310384	0.946331
286	0.432799	-4.486967256	4.32559954	286.6289087	4.49235386	275.9893619	1	-12.309717	-0.3690354679	0.5	0.316573	0.921716
287	0.132609	-4.387777962	4.80939571	257.7957711	4.80939571	257.7957711	1	-12.931165	-0.3876659818	0.5	0.399911	0.862968
288	0.682262	-4.237503831	4.32571296	286.6213933	4.44750258	278.772604	1	-15.375929	-0.4609580507	0.5	0.309053	0.938238
289	0.32795	-4.192436602	4.35827192	284.4801559	4.43399271	279.6219923	1	-11.092039	-0.3325304556	0.5	0.389676	0.975149
290	1.430155	-4.407230675	3.3391556	371.3040133	3.3391556	371.3040133	1	-1.835115	-0.05501527961	0.12	0.140039	0.968612
291	0.566011	-4.441356094	4.18362058	296.3561948	4.34216187	285.5356186	1	-6.496228	-0.1947517185	0.5	0.139037	0.873362
292	1.189512	-4.647873594	4.12368115	300.663856	4.19486146	295.5620554	1	-12.612193	-0.3781034564	0.5	0.251837	0.86912
293	0.861974	-4.145393516	1.78685126	693.8696595	1.78685126	693.8696595	1	-10.770983	-0.3229054536	0.5	0.110731	0.925231
294	1.151146	-4.621667106	3.88637393	319.0227955	3.91822338	316.4296047	1	-16.53636	-0.4957468437	0.5	0.075682	0.924318
295	1.504836	-4.267977959	3.59771699	344.6190678	3.6646981	338.3203313	1	-8.564184	-0.256747385	0.5	0.123446	0.972142
296	0.754988	-4.252379388	2.5426757	487.6130587	2.69536984	459.9895187	1	-11.166358	-0.3347584798	0.5	0.111594	0.904115
297	1.15525	-4.008530104	2.44646356	506.789431	2.48719784	498.4894468	1	-5.055181	-0.1515502822	0.38	0.355717	0.861265
298	0.893136	-4.270644197	2.67667818	463.201697	2.73861691	452.7255604	1	-10.342877	-0.3100711782	0.5	0.387718	0.81659
299	0.221425	-4.602796237	5.9488538	208.4169349	5.94898538	208.4123252	1	-21.313725	-0.6389684245	0.5	0.304568	0.905328
300	0.686033	-4.138188014	2.33419646	531.16432	2.33419646	531.16432	1	-11.509193	-0.3450363988	0.5	0.155606	0.874453
301	0.593911	-4.230309484	3.65175895	339.51909	3.65175895	339.51909	1	-20.823855	-0.6242825138	0.5	0.481932	0.616377
302	0.878819	-4.250461125	4.67087791	265.4408656	4.70281674	263.6381437	2	-13.537202	-0.4058344862	0.5	0.069991	0.930014
303	0.070818	-4.248616607	4.32417964	286.7230269	4.35077742	284.9701917	1	-12.48885	-0.3744057319	0.5	0.093057	0.935371
304	0.205466	-3.972951842	4.31410358	287.3926999	4.31410358	287.3926999	1	-15.158303	-0.4544337973	0.5	0.335726	0.936826
305	0.153505	-4.024912758	4.69966285	263.8150682	4.69966285	263.8150682	1	-15.124674	-0.4534256268	0.5	0.296107	0.946372
306	0.207042	-4.235477378	4.14300202	299.2617115	4.21097854	294.4308226	1	-8.832491	-0.2647910142	0.5	0.336325	0.894395
307	0.387298	-4.444866997	4.57068704	271.2594112	4.67764749	265.0567145	1	-16.846942	-0.5050578436	0.5	0.262437	0.81241
308	0.276445	-4.022816083	4.15838928	298.1543554	4.15838928	298.1543554	1	-7.789382	-0.2335194409	0.5	0.375696	0.883284
309	0.209217	-4.090044407	4.40586889	281.406893	4.40586889	281.406893	1	-11.441267	-0.3430000316	0.5	0.364678	0.967273
310	0.514711	-4.081664344	4.2209161	293.7376262	4.2209161	293.7376262	1	-3.036143	-0.09102113823	0.12	0.365748	0.937843
311	0.680098	-4.044007548	4.0606485	305.331002	4.16545851	297.6483555	1	-3.974322	-0.1191469941	0.12	0.287014	0.94473
312	0.558578	-4.165527273	4.52703944	273.8747678	4.62890501	267.847768	1	-4.427709	-0.1327391737	0.5	0.295522	0.946167
313	0.405028	-4.319077247	3.85363358	321.7332031	3.85363358	321.7332031	1	-10.677564	-0.3201048267	0.5	0.384044	0.674554
314	-0.130097	-4.211839827	5.07237513	244.430241	5.07237513	244.430241	1	-13.249122	-0.3971980783	0.5	0.275519	0.990379
315	-0.128156	-4.306573958	5.40026555	229.589057	5.40026555	229.589057	3	-19.338291	-0.5797464935	0	0.24651	0.92096
316	-0.041052	-4.21946972	5.65222043	219.3548342	5.65222043	219.3548342	1	-14.235451	-0.4267674326	0.5	0.310796	0.930315
317	0.098195	-4.139741389	5.97343809	207.5591739	5.97343809	207.5591739	1	-12.524476	-0.3754737709	0.5	0.111665	0.930642
318	-0.043496	-4.342757737	5.56183488	222.9195764	5.56731958	222.699965	3	-20.779636	-0.6229568636	0	0.381566	0.99251
319	0.289729	-4.434376239	5.12440451	241.9484787	5.19629499	238.6011337	1	-14.886159	-0.4462751379	0.5	0.19773	0.935635
320	0.393764	-4.330341714	4.73965066	261.5892952	4.73965066	261.5892952	1	-16.027863	-0.4805025105	0.5	0.184418	0.87225
321	0.448017	-4.276088249	5.36527731	231.0862615	5.42783825	228.422775	2	-11.029196	-0.3306464727	0.5	0.162319	0.977971
322	-0.002272	-4.301532974	5.73593543	216.1533878	5.73862392	216.052122	3	-14.936476	-0.4477836013	0	0.340902	0.878533
323	0.247713	-4.136833302	4.89748687	253.1587952	4.89748687	253.1587952	1	-11.314575	-0.3392019068	0.5	0.293576	0.956527
324	0.224206	-4.160340483	6.29022857	197.1060132	6.29022857	197.1060132	1	-10.839263	-0.3249524333	0.5	0.108977	0.953237
325	0.484319	-4.491859284	3.60705061	343.72733	3.60705061	343.72733	2	-10.569106	-0.3168533426	0.5	0.234408	0.765592
326	0.972816	-3.921596412	3.72621016	332.735359	3.72621016	332.735359	5	-59.214184	-1.775193865	0	0.083566	0.916434
327	0.389063	-4.109196154	8.27296931	149.8666112	8.27696499	149.7942636	1	-9.96824	-0.2988398606	0.5	0.238548	1
328	0.590936	-4.874974969	5.1875534	239.0032024	5.44828686	227.5654545	1	-1.354382	-0.04060328885	0.5	0.237608	0.999999
329	0.551567	-4.831995803	5.53258862	224.0979694	5.78788061	214.2134503	1	-12.588125	-0.377381917	0.5	0.221228	0.998977
330	0.766115	-4.40089296	2.22805406	556.4684887	2.22805406	556.4684887	2	-11.234044	-0.3367876519	0.38	0.251087	0.970466
331	0.559184	-4.723731119	6.36788485	194.7023077	6.36788485	194.7023077	1	-5.070417	-0.1520070453	0.5	0.191465	0.988584
332	0.685883	-4.481124475	4.03046612	307.617491	4.03046612	307.617491	2	-3.322716	-0.09961236751	0.05	0.236471	0.958192
333	0.557233	-4.497536794	4.22428232	293.5035543	4.31379673	287.4131428	5	-94.886038	-2.84460751	0	0.120406	0.971578
334	0.501711	-4.781203902	6.0103349	206.2849901	6.20625825	199.7728463	1	-12.902566	-0.3868086066	0.5	0.213213	0.99341
335	0.695005	-4.359764254	3.30268878	375.403787	3.36546116	368.4017781	1	-15.673249	-0.4698714664	0.5	0.079968	0.942067
336	0.563271	-4.593834507	6.86153095	180.6946415	6.86153095	180.6946415	1	-10.715247	-0.3212345329	0.5	0.184779	0.986848
337	0.49081	-4.634040515	5.01246342	247.3518052	5.22206836	237.4235245	1	-13.107925	-0.3929651052	0.5	0.263765	0.946399
338	0.399961	-4.550963536	4.27835175	289.7942824	4.53913771	273.144803	2	-12.053647	-0.3613586941	0.5	0.240149	0.994504
339	0.56649	-4.558360402	5.08312832	243.9131569	5.08312832	243.9131569	1	-6.500586	-0.1948823678	0.38	0.258433	0.955193
340	0.988084	-4.304377519	3.16473537	391.767946	3.26003342	380.3156949	3	-15.246925	-0.457090614	0	0.151888	0.950332
341	0.377029	-4.440048789	5.12396056	241.9694416	5.38607934	230.1937638	1	-18.514896	-0.5550617702	0.5	0.230951	0.996997
342	0.487845	-4.507611456	5.3968717	229.7334353	5.3968717	229.7334353	1	-7.779873	-0.2332343686	0.5	0.237051	0.956237
343	0.301478	-4.515600241	4.94908711	250.5193075	5.03429214	246.2792863	1	-5.616357	-0.1683738898	0.5	0.209707	0.997046
344	0.442846	-4.374231648	5.05654484	245.1954674	5.05654484	245.1954674	1	-12.46723	-0.3737575816	0.5	0.219183	0.99534
345	0.958639	-4.58837758	3.49633397	354.6119696	3.61004179	343.4425271	1	-1.06443	-0.03191075986	0.1	0.215145	0.952705
346	0.402984	-4.592473059	5.5893844	221.820828	5.72625362	216.5188547	1	-2.681952	-0.0804027754	0.16	0.238892	0.950769
347	0.844602	-4.609618324	4.0914206	303.0345683	4.25443829	291.4231659	1	-13.059701	-0.3915193882	0.5	0.207143	0.955079
348	0.963579	-4.490641059	4.30019347	288.3223474	4.40129921	281.6990657	2	-12.597675	-0.3776682184	0.5	0.18188	0.969001
349	0.456334	-4.539122725	5.66350793	218.9176551	5.66350793	218.9176551	1	-10.504781	-0.3149249306	0.5	0.252076	0.95093
350	0.373234	-4.25521233	4.06492256	305.009962	4.06492256	305.009962	1	-9.704367	-0.2909291592	0.5	0.411962	0.834548
351	0.862221	-4.397338063	3.45961041	358.3761547	3.56310422	347.9667725	1	-12.860201	-0.3855385378	0.46	0.253114	0.956146
352	0.486937	-4.330140602	4.85900803	255.1635782	4.93700934	251.1321713	1	-18.763002	-0.5624997896	0.5	0.228133	0.99735
353	0.555583	-4.439874154	4.89248754	253.4174825	4.89248754	253.4174825	1	-1.151341	-0.03451628211	0.09	0.249878	0.962087
354	0.824839	-4.229930859	2.11852012	585.2396037	2.29341173	540.6102442	1	-13.780019	-0.4131139456	0.5	0.254353	0.981583
355	0.698124	-4.483567674	5.2259004	237.249427	5.2259004	237.249427	2	-16.445503	-0.4930230235	0.5	0.180577	0.920111
356	0.346746	-4.470332302	4.62792077	267.9047324	4.82936549	256.7297667	2	-21.167376	-0.6345809986	0.5	0.221138	0.998068
357	0.40518	-4.246842006	3.55132738	349.1206928	3.66541615	338.2540548	4	-64.360311	-1.929470636	0	0.215606	0.975693
358	0.373916	-4.27957124	5.49961301	225.441658	5.69342289	217.7673957	1	-15.556386	-0.4663680072	0.5	0.208247	0.992579
359	0.459059	-4.458530489	4.45854729	278.0820287	4.45854729	278.0820287	2	-15.66196	-0.4695330312	0.5	0.056765	0.943236
360	0.565344	-4.268370806	4.49097031	276.074387	4.49097031	276.074387	1	-6.607567	-0.1980895726	0.5	0.239485	0.952276
361	0.548457	-4.247599846	3.33470774	371.7992616	3.33470774	371.7992616	4	-90.247812	-2.705557206	0	0.262601	0.933373
362	1.169931	-4.275862457	4.15534877	298.3725179	4.16199985	297.895704	2	-15.819928	-0.4742687855	0.04	0.207226	0.882878
363	0.904665	-4.354893283	4.31073705	287.6171432	4.41686392	280.7063785	1	-0.219374	-0.006576657021	0.01	0.253376	0.94387
364	0.81771	-4.31311989	4.46738205	277.5320896	4.57655836	270.9114094	1	-7.554836	-0.2264879394	0.5	0.243301	0.945335
365	0.949771	-4.181059056	3.7567497	330.0304717	3.84117056	322.7770952	1	-16.953224	-0.5082440929	0.5	0.249537	0.900481
366	0.777584	-4.353245861	4.83192122	256.5939756	4.83192122	256.5939756	1	-8.813876	-0.2642329514	0.5	0.245526	0.895701
367	0.675031	-4.455798293	5.09415299	243.3852846	5.29854818	233.9965276	1	-11.845103	-0.3551067119	0.5	0.239021	0.938934
368	0.323845	-4.384153462	5.51449401	224.8332981	5.53926879	223.8277149	1	-4.50987	-0.1352022947	0.35	0.312085	0.994248
369	1.054834	-4.399385716	3.53936939	350.3002198	3.57744084	346.5722931	2	-14.736985	-0.4418030207	0.5	0.202045	0.948701
370	0.402274	-4.414804116	4.62011368	268.3574391	4.62011368	268.3574391	4	-22.486431	-0.6741252122	0	0.205985	0.994391
371	0.274573	-4.378914411	4.99880761	248.0275242	4.99880761	248.0275242	1	-14.725659	-0.4414634763	0.5	0.210329	0.997849
372	0.384941	-4.173424641	3.90843469	317.2221039	3.90843469	317.2221039	1	-14.902648	-0.4467694649	0.5	0.261753	0.946817
373	0.682313	-4.235276174	2.85863816	433.7176677	2.94098813	421.5732334	1	-20.058591	-0.6013405113	0.5	0.218243	0.964351
374	0.12222	-4.313718555	3.98899055	310.815947	4.19903331	295.2684068	2	-18.710442	-0.5609240828	0.5	0.245008	0.990941
375	0.208024	-4.350341919	4.5904736	270.0901875	4.7744332	259.6835736	1	-14.021182	-0.4203438194	0.5	0.270411	0.93763
376	0.344512	-4.308975791	5.43111588	228.2849239	5.43111588	228.2849239	1	-22.348223	-0.669981847	0.5	0.207702	0.988296
377	0.453543	-4.199944626	5.18913224	238.9304836	5.23786519	236.7074811	4	-30.333391	-0.9093707955	0	0.179182	0.985918
378	0.092352	-4.629904294	6.55105459	189.2583642	6.55105459	189.2583642	1	-29.12988	-0.8732904985	0.5	0.377329	0.892055
379	0.90043	-4.55378988	3.68359955	336.584327	3.78290013	327.7490372	1	-5.869228	-0.1759547601	0.5	0.20554	0.954247
380	0.461621	-4.533836199	5.24186703	236.5267696	5.24186703	236.5267696	1	-12.214517	-0.366181448	0.5	0.244582	0.951047
381	0.497295	-4.498161914	5.07032504	244.5290717	5.07715618	244.2000662	1	-2.02331	-0.06065721515	0.13	0.23785	0.959208
382	0.398606	-4.43510939	5.56148552	222.9335797	5.56389416	222.8370705	1	-4.047809	-0.1213500756	0.14	0.2281	0.9532
383	0.566424	-4.428926639	7.72040595	160.5928346	7.73103166	160.372112	1	-2.663153	-0.07983919642	0.5	0.180514	0.99201
384	0.423315	-4.410400078	5.59298981	221.6778356	5.59298981	221.6778356	1	-10.748899	-0.3222433929	0.5	0.231873	0.953299
385	0.905952	-4.428958074	4.80617903	257.9683086	4.93298272	251.3371617	3	-32.059389	-0.9611148347	0	0.148443	0.97922
386	1.080861	-4.254049027	4.03912525	306.9580166	4.04659846	306.3911301	2	-5.509201	-0.1651614386	0.5	0.187639	0.953641
387	0.491249	-4.342466019	5.50839849	225.0820956	5.50839849	225.0820956	1	-2.606165	-0.07813074177	0.13	0.234174	0.94573
388	0.349635	-4.484080121	6.22299944	199.2354149	6.22299944	199.2354149	1	-8.625677	-0.2585908959	0.5	0.24083	0.951712
389	0.463547	-4.370168678	5.04747423	245.6360982	5.04747423	245.6360982	1	-13.645962	-0.409095024	0.5	0.235406	0.969795
390	0.894108	-4.236721526	3.77525928	328.4123774	3.89247799	318.5225141	1	-8.071156	-0.2419668	0.5	0.236066	0.904326
391	0.33437	-4.361610166	3.69534442	335.514565	3.69534442	335.514565	1	-15.524617	-0.465415598	0.5	0.43223	0.907854
392	0.886922	-4.243907263	3.71819019	333.4530543	3.81154349	325.2860367	1	-19.675236	-0.5898478351	0.5	0.24381	0.958586
393	0.499195	-4.208804145	3.64296235	340.338921	3.64296235	340.338921	1	-0.36875	-0.01105483	0.02	0.304712	0.902847
394	0.795686	-4.33514405	3.56233494	348.0419153	3.64808321	339.861183	1	-13.872679	-0.4158918183	0.49	0.240577	0.957887
395	0.627568	-4.503261992	4.3102646	287.648669	4.54702659	272.6709094	1	-11.641463	-0.3490017476	0.5	0.24599	0.938475
396	0.307765	-4.400233728	4.69521326	264.0650822	4.69521326	264.0650822	1	-12.906009	-0.386911825	0.5	0.311333	0.893927
397	0.880127	-4.250702653	4.25186109	291.5998075	4.34819101	285.1396989	1	-14.846451	-0.4450847238	0.5	0.240523	0.951248
398	0.503582	-4.204417024	4.36517535	284.0302568	4.36804452	283.8436902	1	-11.150176	-0.3342733563	0.5	0.302816	0.983067
399	1.637359	-4.411089554	3.22200162	384.8048579	3.22200162	384.8048579	1	-3.588549	-0.1075818282	0.18	0.108801	0.97668
400	0.777309	-4.441121151	3.78995613	327.1388462	3.78995613	327.1388462	3	-17.830864	-0.534555038	0	0.201494	0.903975
401	1.388347	-4.660101885	3.96193846	312.9381963	4.02482821	308.0483963	1	-13.764564	-0.4126506171	0.5	0.200653	0.895768
402	1.071228	-4.147202132	1.60342917	773.2439316	1.60342917	773.2439316	3	-9.400948	-0.2818329003	0.5	0.120107	0.948415
403	1.380792	-4.633236677	3.86361984	320.9016225	3.86361984	320.9016225	1	-11.389134	-0.341437126	0.5	0.071708	0.928292
404	1.739535	-4.274494059	3.55025406	349.2262397	3.57747047	346.5694227	1	-8.98369	-0.2693238392	0.5	0.097055	0.978266
405	0.964386	-4.254044316	2.34075151	529.6768453	2.34075151	529.6768453	3	-11.930959	-0.3576806061	0.5	0.149474	0.923512
406	1.379785	-4.025210094	2.45845137	504.318243	2.47703665	500.5343282	1	-4.25758	-0.1276388423	0.45	0.279218	0.892521
407	1.115797	-4.289198293	2.71248463	457.0871524	2.75372337	450.2419847	1	-9.228553	-0.2766646361	0.48	0.303305	0.856411
408	0.782526	-4.282910127	4.05401477	305.8306261	4.05401477	305.8306261	1	-11.550195	-0.3462656059	0.5	0.211909	0.911239
409	0.93038	-4.135056079	2.10262977	589.6624756	2.10262977	589.6624756	1	-9.050041	-0.2713129891	0.5	0.152645	0.901996
410	1.014009	-4.051427684	2.41855112	512.6382755	2.41855112	512.6382755	3	-10.130212	-0.3036956516	0	0.15462	0.937618
411	1.083259	-4.257083735	4.59474274	269.8392371	4.63562669	267.4593876	2	-10.149997	-0.3042887901	0.5	0.066797	0.933203
412	0.235725	-4.252560414	4.258563	291.1409026	4.258563	291.1409026	3	-15.273352	-0.4578828743	0.19	0.151962	0.965869
413	0.380453	-3.985576187	4.25184443	291.6009501	4.25184443	291.6009501	1	-10.501034	-0.3148125985	0.5	0.258576	0.950986
414	0.329258	-4.036771964	4.6562835	266.2728495	4.6562835	266.2728495	1	-14.367038	-0.4307123056	0.5	0.240419	0.962137
415	0.384472	-4.245659333	4.05785426	305.5412531	4.12765971	300.3740527	1	-12.226463	-0.3665395796	0.5	0.26147	0.918446
416	0.58564	-4.457589186	4.51513487	274.5968639	4.59797064	269.6498026	2	-13.006268	-0.3899175096	0.16	0.210072	0.852332
417	0.471591	-4.038733845	4.10698681	301.8860135	4.10698681	301.8860135	1	-7.521071	-0.2254756917	0.5	0.290348	0.910789
418	0.40426	-4.106065027	4.35232175	284.869076	4.35232175	284.869076	1	-11.544758	-0.346102609	0.5	0.285893	0.972746
419	0.710758	-4.096680936	4.18118241	296.5290087	4.18118241	296.5290087	1	-1.289091	-0.03864591691	0.11	0.290364	0.947883
420	0.906503	-4.058817551	3.99680639	310.2081398	4.07374297	304.3495588	1	-2.113122	-0.06334970706	0.13	0.225303	0.954957
421	0.780451	-4.18486984	4.44470091	278.9483253	4.51287962	274.7340899	1	-2.583649	-0.0774557301	0.15	0.231067	0.957659
422	0.630062	-4.335259188	3.78294327	327.7452996	3.78294327	327.7452996	2	-9.466147	-0.2837875141	0.5	0.345087	0.705927
423	0.030877	-4.21971662	4.98233482	248.8475625	4.99147677	248.3917952	2	-9.367818	-0.2808396894	0.5	0.219664	0.993597
424	0.050611	-4.315418976	5.38849289	230.0906581	5.38849289	230.0906581	2	-17.424199	-0.5223635467	0.06	0.213263	0.942756
425	0.134969	-4.231061038	5.54122746	223.748598	5.58689724	221.9195776	1	-13.764871	-0.4126598207	0.5	0.245937	0.943424
426	0.299363	-4.1496369	5.80655906	213.5243718	5.80655906	213.5243718	1	-8.054453	-0.2414660574	0.5	0.084893	0.942694
427	0.150567	-4.35975797	5.47719186	226.3645144	5.48089269	226.2116676	1	-10.424935	-0.3125312114	0.46	0.292679	0.996906
428	0.514221	-4.451099566	5.14476648	240.9908944	5.33485703	232.4039554	1	-12.232301	-0.3667145981	0.5	0.226658	0.936653
429	0.620346	-4.344974578	4.79710354	258.4563508	4.79710354	258.4563508	1	-7.003764	-0.2099672417	0.5	0.230265	0.903613
430	0.679028	-4.286292545	5.20261734	238.3111796	5.32169679	232.9786766	2	-10.469797	-0.3138761382	0.5	0.128443	0.980586
431	0.194355	-4.315969969	5.5852911	221.9833941	5.5852911	221.9833941	1	-7.534633	-0.2258822696	0.5	0.273233	0.903383
432	0.468326	-4.157435914	4.81735361	257.3699122	4.81735361	257.3699122	1	-6.171457	-0.1850153437	0.5	0.232819	0.963489
433	0.45698	-4.168781866	5.99086869	206.9552747	5.99234173	206.9044009	1	-4.314967	-0.1293592587	0.15	0.202154	0.96786
434	0.745458	-4.51213849	3.59904984	344.4914437	3.59904984	344.4914437	3	-10.404431	-0.3119165178	0.5	0.244473	0.755527
435	0.757432	-3.838599319	3.18233741	389.601012	3.20346339	387.031698	6	-106.80638	-3.201969827	0	0.173933	0.826067
436	0.644224	-4.135452852	8.25034159	150.2776415	8.26445323	150.0210408	0	7.166151	0.2148354741	0	0.182778	1
437	0.396358	-4.870676195	4.23780574	292.5669442	4.23780574	292.5669442	1	-13.601583	-0.4077645771	0.14	0.389283	0.918447
438	0.415107	-4.749692402	3.96653588	312.5754847	3.96653588	312.5754847	4	-192.765257	-5.778948193	0	0.401718	0.931253
439	0.451323	-4.516808958	0.15534288	7981.324123	1.52135979	814.9563854	1	-19.117131	-0.5731162937	0.5	0.800628	0.98041
440	0.348742	-4.691102382	6.38375751	194.2181973	6.38375751	194.2181973	1	-32.216525	-0.9658256463	0.5	0.253057	0.895217
441	0.393626	-4.574505665	0.10158081	12205.47341	1.44533961	857.8204505	1	-23.5883	-0.7071583634	0.5	0.80921	0.991154
442	0.270663	-4.56534257	2.96497645	418.1624699	3.51018671	353.2125148	1	-46.733361	-1.401028776	0.5	0.377335	0.941572
443	0.381885	-4.657959003	5.34598468	231.9202073	5.3797925	230.4627689	1	-44.207385	-1.325302036	0.5	0.37098	0.91136
444	0.473738	-4.36226765	1.96326859	631.5192337	2.17921731	568.9390726	1	-45.622959	-1.367739812	0.5	0.420583	0.933719
445	0.514782	-4.368869142	5.32777408	232.7129223	5.32777408	232.7129223	1	-37.03635	-1.110320144	0.5	0.366178	0.922523
446	0.262614	-4.643472934	3.90454068	317.5384705	4.94879317	250.5341874	1	-39.969017	-1.198239154	0.5	0.393208	0.856821
447	0.166415	-4.585633263	4.52433545	274.0384503	5.21425031	237.7795084	1	-39.233935	-1.176201984	0.5	0.370276	0.903272
448	0.32676	-4.579327001	3.92572469	315.8249682	4.97655809	249.1364218	1	-38.666513	-1.159191127	0.5	0.412024	0.838413
449	0.626831	-4.446866267	2.94938011	420.3737156	3.49454107	354.7939059	1	-30.06931	-0.9014538584	0.5	0.415897	0.91894
450	0.156051	-4.442263153	5.03719821	246.1372024	5.74815669	215.6938202	1	-43.751114	-1.311623397	0.5	0.362508	0.912997
451	0.309918	-4.442468358	3.98794103	310.8977455	5.00199422	247.8695138	1	-33.247626	-0.9967372294	0.5	0.345801	0.938278
452	0.042451	-4.555863337	5.15050848	240.7222278	5.32993721	232.6184768	1	-45.975297	-1.378302624	0.5	0.286622	0.9006
453	0.234453	-4.363861457	4.75818188	260.5705092	5.38022574	230.444211	1	-49.900752	-1.495984624	0.5	0.369835	0.90741
454	0.690555	-4.613391155	2.37971553	521.0042376	2.37971553	521.0042376	1	-32.36654	-0.970322976	0.5	0.614178	0.898075
455	0.251821	-4.500564728	3.67095684	337.7435174	4.58561913	270.3761129	1	-38.319647	-1.148792361	0.5	0.455518	0.823238
456	0.611709	-4.569056966	2.27179461	545.7543873	2.28481105	542.6452552	1	-18.549833	-0.5561091535	0.11	0.244091	0.865475
457	0.686398	-4.494367876	3.31457189	374.0579226	3.3181573	373.6537371	2	-23.052318	-0.6910900518	0.1	0.188587	0.888462
458	0.239838	-4.512548381	3.97852244	311.633752	5.22385814	237.3421793	1	-41.256161	-1.236826702	0.5	0.391129	0.868447
459	0.161442	-4.248240196	3.18216554	389.6220545	3.48710859	355.5501194	1	-9.173164	-0.2750041182	0.11	0.385503	0.939843
460	0.506015	-4.510473042	3.19490566	388.0683837	3.19490566	388.0683837	1	-35.365017	-1.060214918	0.5	0.323411	0.827518
461	0.250796	-4.347518534	4.71487958	262.9636355	5.61086292	220.9716924	1	-44.417134	-1.331590144	0.5	0.358309	0.916679
462	0.315561	-4.436825329	3.66966096	337.8627859	4.84692204	255.7998386	1	-42.570163	-1.276219431	0.5	0.396324	0.856872
463	0.538872	-4.297134084	0.24103332	5143.860921	0.24834823	4992.352373	1	-63.943323	-1.916969669	0.5	0.259221	0.862243
464	0.49981	-4.4388109	2.86564276	432.657515	2.86564276	432.657515	2	-68.375406	-2.049839972	0.5	0.309375	0.963004
465	0.107429	-4.490884933	5.08844952	243.6580869	5.66048247	219.0346639	1	-42.855222	-1.284765271	0.5	0.353894	0.90083
466	0.124531	-4.328614987	3.05391164	405.9848554	3.33271804	372.0212333	1	-52.28025	-1.567320071	0.5	0.429059	0.939608
467	0.169599	-4.240817873	5.6428413	219.7194302	5.64814062	219.5132804	1	-41.231858	-1.236098117	0.5	0.346317	0.909352
468	0.206543	-4.467975378	3.1272866	396.4593061	3.1272866	396.4593061	1	-30.990602	-0.9290734555	0.5	0.389692	0.957802
469	0.250888	-4.309372521	3.13224644	395.8315219	3.18828034	388.8747987	1	-27.482942	-0.8239166148	0.5	0.539094	0.638222
470	0.258742	-4.318551452	0.09523912	13018.19962	2.38521729	519.8024853	1	-20.027148	-0.6003978753	0.5	0.672015	0.948355
471	0.779734	-4.422988638	3.10229196	399.6535115	4.12087473	300.8686157	1	-50.687724	-1.519577415	0.5	0.264999	0.906733
472	0.596796	-4.419692184	2.99072136	414.5628182	2.99072136	414.5628182	1	-13.027675	-0.3905592744	0.08	0.568106	0.937336
473	0.518077	-4.339298345	3.73779426	331.704152	3.78185933	327.8392365	1	-9.304689	-0.2789471325	0.1	0.437646	0.979508
474	0.585107	-4.272268197	2.91322851	425.5903274	2.91322851	425.5903274	1	-34.81621	-1.043762123	0.5	0.415503	0.86917
475	0.5534	-4.30397524	2.11028139	587.5244322	2.11028139	587.5244322	1	-39.458504	-1.182934383	0.5	0.62643	0.812246
476	0.402941	-4.454434352	4.85304783	255.4769536	4.91927771	252.037382	1	-15.037313	-0.4508066139	0.5	0.388804	0.890614
477	0.061253	-4.403675433	3.36106164	368.884004	4.75379962	260.8107145	2	-39.451886	-1.182735981	0.5	0.427966	0.854143
478	0.815589	-4.36517603	2.27790858	544.2895673	2.27790858	544.2895673	1	-18.463103	-0.5535090575	0.15	0.576765	0.903576
479	0.167713	-4.430601075	4.95250218	250.3465582	5.4980338	225.506412	1	-46.042873	-1.380328498	0.5	0.349572	0.89952
480	0.016674	-4.393742606	5.93182875	209.0151162	6.12447418	202.4405425	1	-39.367939	-1.180219317	0.5	0.311054	0.902343
481	0.060864	-4.278738458	3.35970553	369.0329002	4.55770717	272.0319295	1	-37.974196	-1.138436017	0.5	0.372096	0.836178
482	0.311218	-4.363301039	2.16522373	572.6160573	2.16522373	572.6160573	1	-48.04923	-1.440477476	0.5	0.33386	0.883446
483	-0.123027	-4.360089953	4.59361854	269.905275	5.29487259	234.1589631	1	-38.767818	-1.162228169	0.5	0.364061	0.89006
484	-0.032703	-4.372304664	4.24975037	291.7446361	4.9085943	252.5859339	1	-35.725003	-1.07100701	0.5	0.414638	0.825019
485	0.091372	-4.319045221	5.69019664	217.8908663	5.9800059	207.3312127	1	-41.256482	-1.236836325	0.5	0.316957	0.909032
486	0.252439	-4.157978412	4.7198306	262.6877913	4.7198306	262.6877913	1	-45.363991	-1.359976159	0.5	0.33969	0.909669
487	0.259294	-4.624356986	5.53126643	224.1515376	6.21796539	199.3967154	1	-31.98123	-0.9587716904	0.5	0.189272	0.892605
488	0.658329	-4.522436801	2.1474409	577.3578567	2.1474409	577.3578567	1	-47.684323	-1.429537856	0.5	0.342957	0.877223
489	0.224255	-4.528131077	4.57036767	271.2783664	5.07654872	244.2292872	1	-38.205721	-1.145376951	0.5	0.379275	0.848299
490	0.252739	-4.499647072	4.35674915	284.5795874	4.9617798	249.878456	1	-38.582467	-1.156671495	0.5	0.399529	0.825132
491	0.132605	-4.427655238	4.93281007	251.3459586	5.1262955	241.8592286	1	-32.748956	-0.9817875017	0.5	0.369236	0.824067
492	0.436001	-4.24683002	4.79703381	258.4601078	4.79703381	258.4601078	4	-133.039922	-3.98843043	0	0.289202	0.897876
493	0.161679	-4.398581331	5.37578913	230.6343953	5.9380073	208.7976341	1	-27.558667	-0.8261867897	0.5	0.325371	0.871789
494	0.630595	-4.391795318	3.50585263	353.6491708	3.64846538	339.8255832	1	-24.701957	-0.7405449093	0.38	0.216922	0.940598
495	0.91484	-4.107550486	1.68131372	737.4244679	1.68131372	737.4244679	1	-29.7226	-0.8910597699	0.5	0.346628	0.868381
496	0.292214	-4.268046103	4.27774324	289.8355057	4.41025387	281.1270988	1	-35.919641	-1.076842101	0.5	0.384531	0.850354
497	0.194981	-4.365279762	4.23277044	292.9149816	4.47832798	276.8537456	1	-38.878648	-1.165550764	0.5	0.438127	0.83801
498	0.276998	-4.283262138	4.30753551	287.8309123	4.95978175	249.9791196	1	-36.697759	-1.100169457	0.5	0.327361	0.930432
499	0.494545	-4.36283034	2.66313293	465.5576376	2.66313293	465.5576376	1	-44.016632	-1.319583414	0.5	0.34413	0.817644
500	0.39169	-4.465685195	2.94738357	420.6584742	3.5592242	348.3461018	2	-23.251048	-0.6970478182	0.16	0.387872	0.773241
501	0.527694	-4.329680914	3.23071607	383.7668952	3.23071607	383.7668952	1	-33.826393	-1.014088201	0.5	0.497128	0.843952
502	0.173633	-4.291295079	3.10212184	399.6754284	4.22415107	293.5126739	1	-32.29548	-0.968192654	0.5	0.446186	0.74552
503	0.416586	-4.440788955	3.1193772	397.4645565	3.1193772	397.4645565	1	-39.486443	-1.183771972	0.5	0.367681	0.830275
504	0.262128	-4.595246764	5.30556918	233.6868738	5.30556918	233.6868738	1	-16.812789	-0.504033964	0.5	0.121539	0.908272
505	0.050699	-4.414229295	4.80317491	258.1296535	4.82882728	256.7583812	1	-12.580864	-0.377164238	0.5	0.526602	0.830304
506	0.582024	-4.275350979	3.2688506	379.2898566	3.2688506	379.2898566	1	-27.370643	-0.8205499806	0.5	0.461081	0.906041
507	0.220558	-4.244369785	3.07140645	403.6723552	4.08915138	303.2027333	4	-54.683639	-1.63937175	0	0.405922	0.84761
508	1.129008	-4.645986007	0.09700212	12781.59565	1.26739668	978.258737	2	-119.10708	-3.570734973	0.5	0.150692	0.872222
509	0.384455	-4.560520634	3.55894843	348.3730939	4.08860047	303.2435878	4	-48.909672	-1.466272839	0	0.515912	0.745718
510	1.006147	-4.768847432	3.62675032	341.8602788	3.62675032	341.8602788	1	-39.380845	-1.180606228	0.5	0.384568	0.709862
511	0.612952	-4.332024371	2.42221151	511.8635884	2.43661472	508.8378828	4	-41.831523	-1.254075594	0	0.464279	0.859044
512	1.065242	-4.636267627	1.80824157	685.6616372	1.86329035	665.4045492	2	-33.252187	-0.9968739645	0.14	0.288084	0.941598
513	1.150141	-4.551367689	0.03019056	41067.20364	1.59705596	776.3296381	2	-136.375446	-4.088426771	0.5	0.14436	0.862355
514	0.521348	-4.423627972	2.79754769	443.1888256	2.79754769	443.1888256	1	-8.938367	-0.267965092	0.25	0.449146	0.756115
515	0.931126	-4.161349753	0.12223164	10143.37921	0.72291818	1715.051454	2	-68.227611	-2.045409196	0.5	0.386495	0.736341
516	0.245518	-4.846957629	4.0382026	307.0281505	4.0420539	306.7356117	2	-9.263622	-0.2777159767	0.08	0.286798	0.802255
517	0.351448	-4.401468479	4.02045065	308.3838065	4.29958354	288.3632482	1	-13.083593	-0.3922356513	0.36	0.474206	0.803499
518	0.449937	-4.302979907	3.26218247	380.0651517	3.26218247	380.0651517	1	-31.044169	-0.9306793513	0.5	0.283644	0.886019
519	0.655369	-4.097548079	0.80435771	1541.406093	0.84177403	1472.891573	2	-17.014028	-0.5100669482	0.12	0.357329	0.775532
520	0.687427	-4.379462076	3.46815296	357.4934237	3.64053238	340.5660892	1	-55.367396	-1.659870238	0.5	0.262358	0.906127
521	-0.047136	-4.316657216	3.69446517	335.5944144	3.69446517	335.5944144	1	-27.705952	-0.8306022762	0.5	0.395824	0.944773
522	0.08543	-4.037528587	3.55713889	348.5503135	4.65345217	266.4348596	1	-37.7264	-1.131007291	0.5	0.369022	0.846986
523	0.102994	-4.019964646	2.77936946	446.0874645	4.06043511	305.3470482	1	-45.444835	-1.362399797	0.5	0.313351	0.917516
524	0.184713	-4.202347469	1.15948576	1069.303236	2.06527769	600.3269591	1	-94.155391	-2.822703298	0.33	0.627475	0.883441
525	0.294752	-4.475021878	3.16600098	391.6113366	3.16600098	391.6113366	1	-102.221672	-3.064523949	0.19	0.057795	0.943942
526	0.180411	-4.056459198	3.37922091	366.9016937	4.24970147	291.7479932	1	-32.202122	-0.9653938559	0.5	0.446421	0.763982
527	0.160474	-4.076396468	2.70838668	457.7787524	3.78462449	327.5997074	1	-36.843093	-1.104526454	0.5	0.394589	0.829793
528	0.331833	-4.202151993	4.10870285	301.7599278	4.33983606	285.6886431	1	-5.656773	-0.1695855291	0.07	0.27975	0.84347
529	0.409163	-4.243637868	2.2031785	562.7514409	2.42096858	512.1263802	1	-35.880492	-1.075668446	0.5	0.426005	0.768792
530	0.488387	-4.164414747	3.03579368	408.4078189	3.03579368	408.4078189	1	-46.093532	-1.381847215	0.5	0.30345	0.899206
531	0.201635	-4.451166442	3.36845876	368.0739364	3.39390467	365.3142902	1	-16.924497	-0.5073828805	0.34	0.257506	0.837949
532	-0.234327	-4.266156937	5.70413347	217.3584966	5.84198383	212.2295973	1	-42.281567	-1.267567553	0.5	0.297763	0.893882
533	-0.223822	-4.346780437	5.57592932	222.356096	5.57592932	222.356096	1	-17.158268	-0.514391148	0.37	0.252042	0.814149
534	-0.142722	-4.265680937	6.04718359	205.0279865	6.07478271	204.0964977	1	-27.248365	-0.816884184	0.5	0.149856	0.895042
535	0.049996	-4.125549005	5.89498709	210.3213894	6.24921326	198.3996743	1	-42.616434	-1.277606598	0.5	0.287865	0.905911
536	-0.138142	-4.375012168	3.95725906	313.308241	4.8443737	255.9343998	1	-40.457397	-1.212880396	0.5	0.413958	0.859598
537	0.330998	-4.321802914	3.71320622	333.9006244	4.38429922	282.7913455	1	-48.046597	-1.440398541	0.5	0.459936	0.790147
538	0.297375	-4.355426136	4.14795523	298.9043533	4.23802578	292.551754	1	-48.888714	-1.465644535	0.5	0.399229	0.755786
539	0.412202	-4.24059895	4.638045	267.3199323	4.76900993	259.9788832	1	-25.376415	-0.7607646206	0.5	0.209402	0.942421
540	-0.003383	-4.240253484	4.47064969	277.3292388	4.47064969	277.3292388	1	-9.98401	-0.2993126326	0.15	0.460967	0.807976
541	0.226908	-4.08633437	3.85809986	321.3607528	3.98069037	311.4640327	1	-25.506288	-0.7646581092	0.5	0.365846	0.804308
542	0.115543	-4.197698764	4.73362501	261.9222843	4.85646257	255.2973193	1	-25.452332	-0.7630405515	0.5	0.117924	0.970295
543	0.381435	-4.511555545	3.71702472	333.5576083	3.71702472	333.5576083	2	-23.178867	-0.6948838896	0.5	0.123427	0.876573
544	0.715599	-4.095624621	1.28997977	961.1328055	1.28997977	961.1328055	4	-135.177498	-4.052513248	0	0.123427	0.876573
545	0.242611	-4.172459763	5.97783369	207.4065522	5.98457505	207.1729179	1	-31.547109	-0.9457570901	0.5	0.123427	0.876573
546	0.724495	-4.783240785	4.90587958	252.725705	5.2196937	237.5315386	2	-25.985357	-0.7790202146	0.5	0.28486	0.94678
547	0.726133	-4.703437765	5.34405189	232.0040862	5.34405189	232.0040862	1	-12.651481	-0.3792812792	0.5	0.254914	0.944255
548	0.837829	-4.371004113	0.20249364	6122.868231	1.44812865	856.1683214	1	-19.514362	-0.5850249613	0.5	0.571116	0.982909
549	0.852482	-4.481553505	4.22039791	293.7736919	4.22039791	293.7736919	4	-141.573289	-4.244253946	0	0.271611	0.959765
550	0.749796	-4.459037092	2.98707513	415.0688622	3.2077852	386.5102549	2	-32.624732	-0.9780633656	0.5	0.345356	0.973965
551	0.642826	-4.457951161	3.59544231	344.8370933	4.11922577	300.9890559	1	-31.320179	-0.9389539103	0.5	0.27353	0.966591
552	0.764921	-4.569113728	4.77597965	259.5994888	4.77883539	259.4443571	4	-113.513491	-3.403043649	0	0.2674	0.947403
553	0.818325	-4.282452293	3.6156419	342.910584	3.63145145	341.4177203	1	-17.169429	-0.5147257459	0.5	0.260516	0.864313
554	0.799395	-4.415220497	6.26297868	197.9636111	6.26297868	197.9636111	1	-27.946482	-0.8378131732	0.5	0.11727	0.90836
555	0.613614	-4.557244534	4.48340426	276.5402813	4.57543677	270.9778187	1	-22.796123	-0.6834095306	0.5	0.304145	0.888214
556	0.488147	-4.504603435	4.34226123	285.5290849	4.34226123	285.5290849	1	-26.858007	-0.8051815635	0.5	0.278233	0.937617
557	0.679053	-4.491805205	4.56091344	271.8406941	4.78338805	259.1974271	1	-22.002556	-0.6596190268	0.5	0.29515	0.899236
558	0.977257	-4.361212169	2.71016695	457.4780441	3.83692095	323.1345893	4	-50.938082	-1.527082948	0	0.246609	0.917337
559	0.508384	-4.35470213	4.90108435	252.9729723	4.90108435	252.9729723	1	-29.305003	-0.8785405459	0.5	0.271548	0.946064
560	0.65282	-4.393757373	4.55304578	272.3104347	4.55304578	272.3104347	1	-13.117208	-0.3932434021	0.5	0.293148	0.890566
561	0.41258	-4.45050557	4.59566737	269.7849465	4.59566737	269.7849465	1	-31.241841	-0.9366053997	0.5	0.215312	0.934398
562	0.544915	-4.318170562	5.41480841	228.9724366	5.41480841	228.9724366	1	-24.575414	-0.7367512514	0.5	0.163529	0.920807
563	1.073187	-4.524949775	2.86782757	432.3279016	3.28611541	377.2971186	1	-20.501786	-0.6146271429	0.5	0.24216	0.959883
564	0.562188	-4.484388473	4.56126141	271.8199559	4.56126141	271.8199559	1	-24.185754	-0.7250695563	0.5	0.165995	0.929719
565	0.992188	-4.519541958	1.73815471	713.3092747	1.73815471	713.3092747	1	-60.717087	-1.820249695	0.5	0.142621	0.894446
566	1.183558	-4.328171642	3.13441001	395.5582937	3.19564719	387.9783348	1	-14.908994	-0.4469597129	0.18	0.167192	0.965414
567	0.615289	-4.431287569	5.38259043	230.3429718	5.38259043	230.3429718	1	-13.020345	-0.3903395268	0.5	0.263693	0.987522
568	0.510492	-4.163962379	4.23493496	292.7652696	4.23512468	292.7521547	1	-14.140701	-0.4239269034	0.5	0.127948	0.929287
569	0.900643	-4.410035768	3.02915935	409.3022955	3.02915935	409.3022955	1	-25.807299	-0.7736821782	0.5	0.293693	0.879413
570	0.589465	-4.27362102	4.92708951	251.6377819	4.92708951	251.6377819	1	-26.381433	-0.7908942562	0.5	0.265283	0.944669
571	0.703803	-4.342773476	4.33432419	286.0519474	4.71204253	263.121962	1	-24.625455	-0.7382514405	0.5	0.280555	0.914731
572	0.920869	-4.179908492	0.02473117	50132.76264	0.36469692	3399.649976	2	-76.023093	-2.27911151	0.5	0.207443	0.902537
573	0.888775	-4.344036388	3.3857065	366.1988644	3.3857065	366.1988644	1	-41.197989	-1.235082752	0.5	0.237907	0.961567
574	0.457255	-4.405830599	4.87897884	254.1191335	4.87897884	254.1191335	1	-31.615569	-0.9478094662	0.5	0.265511	0.936636
575	0.448939	-4.244908671	3.62132459	342.3724785	3.88918321	318.7923552	1	-32.235342	-0.9663897649	0.5	0.322916	0.969013
576	0.554853	-4.149755061	5.45391794	227.3304969	5.45391794	227.3304969	1	-29.852904	-0.8949661796	0.5	0.260269	0.944083
577	0.619724	-4.348985169	3.45428686	358.9284636	3.45428686	358.9284636	1	-30.942992	-0.9276461458	0.5	0.293809	0.984342
578	0.774975	-4.116250247	3.56433745	347.846379	4.05960593	305.4094158	1	-24.097535	-0.7224248213	0.5	0.302365	0.871873
579	0.627351	-4.214714307	2.72502136	454.9842778	3.20002495	387.4475652	2	-37.301658	-1.118273866	0.5	0.311188	0.978166
580	1.166251	-4.33066222	3.44535806	359.8586428	4.56454134	271.624635	1	-33.755748	-1.01197032	0.5	0.21457	0.914953
581	1.003021	-4.307657697	2.92885711	423.3193457	2.92885711	423.3193457	1	-19.056955	-0.5713122653	0.5	0.278838	0.943287
582	0.957716	-4.23062385	3.69897761	335.1850176	3.69897761	335.1850176	1	-25.38254	-0.7609482432	0.5	0.248223	0.942783
583	1.026953	-4.16138652	3.08629835	401.7245693	3.08629835	401.7245693	1	-27.313508	-0.818837119	0.5	0.279891	0.870129
584	0.910156	-4.278183453	4.35079592	284.96898	4.35501251	284.6930686	1	-13.981189	-0.4191448613	0.5	0.218771	0.874625
585	0.841555	-4.346785072	4.97901727	249.0133712	5.03378807	246.3039481	3	-13.235716	-0.3967961771	0	0.234719	0.983837
586	0.455811	-4.303307883	4.1699888	297.3249893	4.52946485	273.728115	2	-21.248913	-0.6370254126	0.5	0.340756	0.908222
587	1.160097	-4.351633216	2.68379433	461.9735058	2.68379433	461.9735058	1	-12.750294	-0.3822436139	0.5	0.113136	0.892064
588	0.510723	-4.352363079	4.81789696	257.3408866	4.81789696	257.3408866	1	-32.321851	-0.9689832355	0.5	0.25782	0.934696
589	0.423433	-4.281174926	5.49841066	225.4909559	5.49841066	225.4909559	1	-30.838901	-0.9245255809	0.5	0.208557	0.932996
590	0.400714	-4.203659407	3.56363677	347.9147723	4.42159951	280.4057384	1	-26.781854	-0.8028985574	0.5	0.289479	0.882268
591	0.701887	-4.266822952	2.16651131	572.2757457	2.16651131	572.2757457	1	-35.65692	-1.068965936	0.5	0.256954	0.916753
592	0.196348	-4.281416082	4.17181879	297.1945662	4.17181879	297.1945662	1	-22.608959	-0.6777985037	0.5	0.271334	0.927089
593	0.302546	-4.301827974	4.82043074	257.2056196	5.17364238	239.6458403	1	-5.849709	-0.1753695961	0.15	0.298859	0.946258
594	0.497996	-4.206612101	5.10112037	243.0528561	5.10112037	243.0528561	1	-32.329632	-0.9692165037	0.5	0.244225	0.942598
595	0.626612	-4.077995945	4.97666246	249.1311969	4.97666246	249.1311969	1	-33.33697	-0.999415691	0.5	0.246726	0.941974
596	0.751638	-4.46297779	5.62357718	220.4721009	5.62357718	220.4721009	1	-34.438998	-1.032453609	0.5	0.191223	0.936208
597	1.011747	-4.499983106	2.66233235	465.6976337	2.66233235	465.6976337	1	-11.597938	-0.3476969029	0.5	0.103077	0.90205
598	0.610194	-4.43638262	4.93349428	251.3111002	5.15980571	240.2884808	1	-22.863197	-0.6854203555	0.5	0.295061	0.885209
599	0.642544	-4.404032743	4.7272696	262.2744164	4.86645828	254.7729384	1	-23.652872	-0.7090941803	0.5	0.286174	0.888416
600	0.589921	-4.301304329	4.81813938	257.3279388	4.81813938	257.3279388	3	-32.816858	-0.9838231494	0	0.252173	0.878184
601	0.8365	-4.22457595	6.01640553	206.0768459	6.14291827	201.8327155	1	-27.10609	-0.8126188933	0.5	0.119007	0.922333
602	0.614545	-4.27668003	5.45791076	227.1641897	5.45791076	227.1641897	1	-23.416605	-0.7020110846	0.5	0.156663	0.934279
603	1.033342	-4.367293711	4.28210585	289.5402213	4.29818594	288.4570125	1	-21.153402	-0.6341620692	0.5	0.070772	0.929228
604	1.313215	-4.08742053	1.22031758	1015.999356	1.48028921	837.5673261	1	-40.560309	-1.215965616	0.5	0.149504	0.885426
605	0.722564	-4.168661312	4.75803294	260.5786658	4.75803294	260.5786658	1	-20.073529	-0.6017883406	0.5	0.29899	0.890246
606	0.494531	-4.396694275	6.05708768	204.6927403	6.17571961	200.7607135	1	-16.956961	-0.5083561252	0.5	0.094185	0.91577
607	0.666311	-4.224914077	4.43319498	279.6723088	4.43334709	279.6627131	1	-18.87644	-0.56590057	0.5	0.216186	0.955878
608	0.93112	-4.257219636	2.95699736	419.2908293	2.95699736	419.2908293	1	-30.05628	-0.9010632294	0.5	0.268767	0.857032
609	0.771565	-4.416774935	2.77298232	447.1149587	2.84247773	436.1834967	1	-16.263594	-0.4875695372	0.5	0.175558	0.850616
610	0.970113	-4.218226956	3.03156351	408.9777012	3.03156351	408.9777012	1	-25.78357	-0.7729708017	0.5	0.28778	0.883259
611	0.551663	-4.207455715	3.32945394	372.3859521	4.10625894	301.9395254	1	-21.6749	-0.6497961621	0.5	0.347093	0.813139
612	0.856551	-4.331788422	3.14059961	394.7787141	3.14059961	394.7787141	1	-24.566774	-0.7364922311	0.5	0.283892	0.879541
613	0.743773	-4.444566455	5.44938905	227.5194272	5.50046748	225.4066368	1	-14.994338	-0.4495182578	0.5	0.298508	0.887329
614	0.450476	-4.308642674	4.62370522	268.148988	4.70660643	263.4258661	1	-22.877206	-0.6858403341	0.5	0.369594	0.798162
615	1.016039	-4.172300239	3.18879128	388.8124893	3.18879128	388.8124893	1	-28.696505	-0.8602982627	0.5	0.243318	0.925504
616	0.595878	-4.163241031	3.37955795	366.865103	4.34213314	285.5375078	1	-24.043269	-0.72079797	0.5	0.308217	0.895259
617	1.554714	-4.551244541	1.9097513	649.216406	2.16010189	573.9737932	1	-37.052428	-1.11080215	0.5	0.128371	0.899591
618	0.783154	-4.49278627	3.09853023	400.1387056	3.21028435	386.2093635	2	-38.906772	-1.166393899	0.5	0.296243	0.823032
619	1.428658	-4.677301032	3.71384796	333.8429275	3.71384796	333.8429275	2	-23.927199	-0.7173182843	0.5	0.208892	0.791108
620	1.018358	-4.257582485	2.4044591	515.6427387	2.4044591	515.6427387	2	-38.322087	-1.148865511	0.5	0.210825	0.904827
621	1.484599	-4.595155735	3.20038996	387.4033761	3.20931881	386.3255566	1	-9.987931	-0.299430181	0.16	0.201696	0.842833
622	1.642266	-4.437488602	1.88482501	657.8021136	2.46595853	502.7829383	1	-36.963573	-1.108138348	0.5	0.106	0.906572
623	0.932683	-4.343257845	2.99453474	414.0348946	3.08111719	402.4001033	2	-35.809863	-1.073551045	0.5	0.256346	0.852807
624	1.40656	-4.064161117	1.09892824	1128.228241	1.49629852	828.6059625	2	-96.95231	-2.906552692	0.24	0.295171	0.807185
625	0.758338	-4.712382927	4.4445258	278.9593156	4.54765945	272.6329641	1	-17.252108	-0.5172043962	0.5	0.369751	0.646247
626	0.814279	-4.316882878	2.99597098	413.8364102	2.99597098	413.8364102	2	-46.137064	-1.383152269	0.5	0.262161	0.830316
627	0.914013	-4.217148701	2.61040763	474.9610219	2.61040763	474.9610219	2	-40.048332	-1.200616955	0.5	0.237498	0.853853
628	1.002188	-4.128973517	2.7295458	454.230105	2.7295458	454.230105	2	-41.994002	-1.258946585	0.5	0.216519	0.868009
629	1.121553	-4.276300227	3.76411217	329.3849438	4.41780898	280.6463297	1	-39.585215	-1.186733078	0.5	0.208244	0.916343
630	0.325993	-4.208300125	4.12326916	300.6938978	4.12326916	300.6938978	1	-23.26697	-0.697525147	0.5	0.314414	0.979104
631	0.460984	-3.956165689	3.72453937	332.8846207	4.58680448	270.3062406	1	-27.659209	-0.8292009585	0.5	0.283803	0.891726
632	0.472074	-3.945075412	3.04030636	407.8016254	4.19240232	295.7354235	1	-32.62481	-0.978065704	0.5	0.244107	0.947662
633	0.629817	-4.051434214	0.43667031	2839.308849	0.43667031	2839.308849	1	-64.225323	-1.925423803	0.3	0.506473	0.867674
634	0.79551	-4.305229119	2.69126141	460.6917302	2.69126141	460.6917302	2	-47.846063	-1.434386692	0.5	0.254673	0.837296
635	0.602292	-3.965542331	3.57634211	346.6787677	4.39098742	282.3606075	1	-20.896531	-0.6264612822	0.5	0.34082	0.829335
636	0.576928	-3.990906321	2.98076859	415.9470412	3.96462813	312.7258938	1	-25.910012	-0.7767614318	0.5	0.300632	0.881005
637	0.769856	-4.09509303	4.42687904	280.0713243	4.42687904	280.0713243	1	-17.979273	-0.5390042211	0.5	0.229308	0.889933
638	1.069393	-3.961653587	2.98380491	415.5237734	2.98380491	415.5237734	1	-22.377695	-0.6708653939	0.5	0.295848	0.861462
639	0.980279	-4.050767955	3.23902009	382.7830149	3.23902009	382.7830149	1	-31.904819	-0.9564809498	0.5	0.234153	0.928904
640	0.72393	-4.3071162	3.32671995	372.6919891	3.32671995	372.6919891	1	-6.378968	-0.1912363575	0.04	0.467521	0.587187
641	0.137851	-4.158750612	4.93404618	251.2829897	4.93404618	251.2829897	1	-32.488095	-0.9739670976	0.5	0.222477	0.929689
642	0.180564	-4.236586032	5.6101558	220.9995443	5.72393222	216.6066661	1	-12.112215	-0.3631145159	0.5	0.192245	0.866201
643	0.261069	-4.156080886	5.73531177	216.1768924	5.78439731	214.3424473	1	-21.847109	-0.6549588501	0.5	0.13492	0.932364
644	0.502495	-4.004014484	5.91895948	209.4695663	5.91895948	209.4695663	1	-32.397304	-0.9712452561	0.5	0.199835	0.936031
645	0.316433	-4.251401793	4.61330351	268.753589	4.76160519	260.3831746	1	-24.038253	-0.7206475943	0.5	0.315562	0.912698
646	0.796489	-4.234557259	4.03444862	307.3138345	4.03444862	307.3138345	1	-27.594631	-0.8272649617	0.5	0.24023	0.933547
647	0.822577	-4.208469554	4.44458596	278.9555397	4.45229896	278.4722874	1	-34.675792	-1.039552504	0.5	0.279276	0.829597
648	0.938636	-4.09241074	4.52921295	273.7433389	4.52921295	273.7433389	1	-18.489923	-0.5543130996	0.5	0.26184	0.870148
649	0.428859	-4.138975788	4.33088464	286.2791274	4.54053331	273.0608479	3	-11.921874	-0.357408245	0	0.341227	0.90362
650	0.739743	-3.951744327	4.31395034	287.4029086	4.31395034	287.4029086	1	-17.543389	-0.5259367675	0.5	0.280334	0.881163
651	0.657758	-4.033729637	6.17665324	200.7303676	6.17665324	200.7303676	1	-21.932057	-0.6575055232	0.5	0.093934	0.914267
652	0.955138	-4.379137908	4.00745174	309.3841064	4.00745174	309.3841064	2	-20.794955	-0.6234161149	0.5	0.087873	0.912164
653	1.150231	-4.102278844	2.94314562	421.2641967	2.99510305	413.956333	4	-84.618001	-2.536779976	0	0.289989	0.710011
654	0.862414	-3.993943201	6.91265788	179.3582001	6.98855486	177.4103374	1	-27.8858	-0.8359939754	0.5	0.08912	0.91088
655	0.519481	-4.812674119	4.35772802	284.5156627	4.35772802	284.5156627	1	-12.609729	-0.3780295876	0.22	0.234346	0.949956
656	0.498216	-4.738215865	4.79933325	258.3362752	4.79933325	258.3362752	1	-13.121418	-0.3933696145	0.14	0.222194	0.947888
657	0.619892	-4.413360346	0.21402809	5792.893239	1.04508249	1186.357907	2	-164.312766	-4.925965274	0.5	0.478856	0.971266
658	0.500071	-4.619365719	5.54380657	223.6445049	5.54380657	223.6445049	1	-24.703136	-0.7405802548	0.5	0.104813	0.917756
659	0.53944	-4.493812798	2.832006	437.7963449	3.37468395	367.3949602	2	-36.70772	-1.100468079	0.5	0.258771	0.950144
660	0.390858	-4.516780578	3.79496928	326.7066961	3.79496928	326.7066961	1	-50.215134	-1.505409545	0.5	0.116432	0.926891
661	0.451743	-4.667693538	5.14112696	241.1614973	5.84679174	212.0550775	1	-22.2995	-0.6685211704	0.5	0.130767	0.932719
662	0.505973	-4.401665596	3.88719683	318.95526	3.90206136	317.7402304	1	-19.803444	-0.5936914084	0.18	0.253972	0.82721
663	0.553806	-4.419386631	5.78574064	214.2926814	5.78574064	214.2926814	2	-34.392929	-1.031072497	0.5	0.108191	0.918795
664	0.3746	-4.603119085	4.58836233	270.2144657	4.58836233	270.2144657	1	-10.73381	-0.3217910368	0.5	0.231453	0.987831
665	0.261677	-4.555492404	4.75256412	260.8785161	5.47548038	226.4352695	1	-7.672156	-0.2300050992	0.12	0.226103	0.941509
666	0.464491	-4.513228906	3.98972888	310.7584281	3.98972888	310.7584281	1	-6.400666	-0.1918868461	0.16	0.139636	0.935989
667	0.701067	-4.444263297	2.99443186	414.0491196	3.16629782	391.5746231	1	-24.644866	-0.7388333668	0.5	0.284843	0.932537
668	0.299253	-4.37069416	5.61652753	220.748829	5.61652753	220.748829	1	-17.88876	-0.5362907138	0.5	0.21017	0.949585
669	0.440958	-4.391019926	4.01297736	308.9581037	4.16500837	297.6805243	1	-32.202125	-0.9653939458	0.5	0.117647	0.935187
670	0.227371	-4.442576176	4.34501755	285.3479557	4.42226936	280.3632648	1	-29.844099	-0.8947022127	0.5	0.124469	0.926153
671	0.363201	-4.306746123	4.57686598	270.8932009	4.80117728	258.2370538	1	-31.870815	-0.955461537	0.5	0.112806	0.923458
672	0.727671	-4.655867383	0.5270359	2352.480875	2.00471694	618.4623129	1	-62.072878	-1.860895224	0.5	0.124098	0.912993
673	0.266855	-4.565122965	5.39632472	229.7567214	5.58725997	221.9051703	1	-27.196477	-0.8153286233	0.5	0.08452	0.924728
674	0.666007	-4.604299533	3.06641762	404.3290996	3.57054038	347.242082	1	-24.87041	-0.7455949955	0.5	0.176297	0.939839
675	0.722059	-4.548247293	3.22694214	384.2157131	3.27493404	378.5852968	2	-151.425461	-4.53961418	0.5	0.096026	0.964991
676	0.351662	-4.480315829	5.25697666	235.8469431	5.25697666	235.8469431	1	-14.17894	-0.425073278	0.5	0.223686	0.986139
677	0.2907	-4.190615473	3.71046643	334.147175	3.71367756	333.8582457	1	-15.271943	-0.4578406336	0.5	0.117919	0.937801
678	0.639236	-4.456844132	3.15347738	393.1665669	3.46519746	357.7983332	1	-8.625357	-0.2585813026	0.15	0.135809	0.932594
679	0.378851	-4.291096072	3.978834	311.6093497	4.01685862	308.6595752	1	-29.141752	-0.8736464116	0.5	0.237753	0.952071
680	0.468244	-4.363734589	4.06449702	305.0418955	4.06449702	305.0418955	1	-9.632515	-0.2887750937	0.23	0.134157	0.940699
681	0.61768	-4.289958549	2.67556687	463.3940902	3.57440778	346.8663767	2	-44.47661	-1.333373187	0.5	0.244594	0.950973
682	0.491151	-4.527061884	5.42030368	228.7402973	5.42030368	228.7402973	1	-20.781202	-0.623003811	0.5	0.091274	0.935558
683	0.265954	-4.403993703	5.22833843	237.1387951	5.25800095	235.8009987	1	-18.725689	-0.5613811757	0.5	0.202478	0.954746
684	0.242227	-4.276039866	3.48191741	356.080208	3.48191741	356.080208	1	-12.744882	-0.3820813665	0.14	0.155236	0.927271
685	0.287795	-4.202214431	5.06070497	244.9939055	5.06070497	244.9939055	1	-25.726928	-0.7712727199	0.5	0.117111	0.917909
686	0.373639	-4.380471389	3.42487669	362.0106613	3.42487669	362.0106613	1	-35.581904	-1.066717016	0.5	0.247094	0.96879
687	0.497493	-4.152308674	3.20351713	387.0252055	3.89142435	318.6087571	1	-21.477557	-0.6438799768	0.5	0.203046	0.901223
688	0.37992	-4.269006135	3.70560516	334.5855324	3.71492816	333.7458551	2	-32.703203	-0.9804158634	0.5	0.295936	0.970304
689	0.845513	-4.436801011	3.32694062	372.6672691	3.32694062	372.6672691	1	-33.429977	-1.002203966	0.5	0.180541	0.903155
690	0.741821	-4.35425915	3.21837447	385.238538	3.47275504	357.0196749	2	-24.079567	-0.721886155	0.5	0.246186	0.910689
691	0.635079	-4.311837365	3.08585101	401.7828053	3.08585101	401.7828053	1	-38.54988	-1.155694563	0.5	0.216653	0.94108
692	0.714622	-4.232294316	3.2885087	377.0225316	3.2885087	377.0225316	1	-47.661489	-1.428853311	0.5	0.156323	0.860009
693	0.638046	-4.308869942	2.99927394	413.3806715	2.99927394	413.3806715	2	-15.688432	-0.4703266406	0.14	0.168021	0.855984
694	0.533257	-4.413658921	4.84356794	255.9769762	4.9510993	250.4174932	1	-12.070617	-0.3618674412	0.5	0.200217	0.982783
695	0.190799	-4.353720895	5.16632973	239.9850455	5.16632973	239.9850455	1	-8.471189	-0.2539594693	0.5	0.274733	0.934135
696	0.620716	-4.649590383	3.24956939	381.5403602	3.45188273	359.1784462	2	-71.592703	-2.146291962	0.5	0.086014	0.956963
697	0.225923	-4.444023883	5.54431024	223.624188	5.54431024	223.624188	1	-30.50918	-0.9146408091	0.5	0.099135	0.921022
698	0.206465	-4.283543567	6.12607508	202.3876396	6.14102165	201.8950504	1	-26.863843	-0.8053565221	0.5	0.107343	0.925913
699	0.21629	-4.194945192	3.28901387	376.9646236	3.48383175	355.8845445	1	-11.431829	-0.342717088	0.18	0.211078	0.962438
700	0.378396	-4.375715105	3.68989266	336.0102826	3.86539266	320.7544445	1	-8.26303	-0.247719029	0.17	0.099752	0.935059
701	-0.006955	-4.3091383	3.31304663	374.2301313	3.31304663	374.2301313	1	-11.498759	-0.3447235958	0.17	0.152152	0.929708
702	0.049561	-4.361673426	4.74911152	261.0681746	5.14682317	240.8945935	3	-15.546299	-0.466065607	0	0.256113	0.954226
703	0.095814	-4.394195286	6.04151267	205.2204379	6.04151267	205.2204379	1	-45.225062	-1.355811179	0.5	0.08429	0.91571
704	0.348302	-4.14170747	3.60063009	344.3402528	3.89826347	318.0497893	1	-23.621648	-0.7081581097	0.5	0.295048	0.810347
705	0.567502	-4.405689812	5.32916315	232.6522646	5.32916315	232.6522646	1	-39.193482	-1.174989236	0.5	0.172409	0.944619
706	0.445634	-4.824672808	3.41155176	363.4246122	3.67102692	337.7370699	2	-73.566981	-2.205479237	0.5	0.057457	0.963269
707	0.384114	-4.44786418	4.21379548	294.2339943	4.21379548	294.2339943	1	-18.866071	-0.5655897157	0.5	0.201912	0.888539
708	0.397074	-4.434904685	3.88049915	319.5057717	3.88049915	319.5057717	1	-8.921309	-0.2674537068	0.21	0.135139	0.936172
709	0.348952	-4.300849583	4.40290495	281.59633	4.40290495	281.59633	1	-28.372023	-0.8505705519	0.5	0.106731	0.9382
710	0.621007	-4.16415697	4.92215094	251.8902591	4.92215094	251.8902591	1	-27.448348	-0.8228795144	0.5	0.097294	0.921289
711	0.369701	-4.280101146	4.91119466	252.4521957	4.91119466	252.4521957	1	-22.289707	-0.6682275841	0.5	0.136256	0.943307
712	0.538387	-4.58633617	1.86936741	663.2414093	2.00987479	616.8751813	2	-119.684939	-3.588058723	0.5	0.038499	0.965569
713	0.489977	-4.634746393	3.52627135	351.6013807	3.52627135	351.6013807	1	-43.531972	-1.305053695	0.5	0.22872	0.823369
714	0.409828	-4.239973639	4.45991229	277.996919	4.45991229	277.996919	1	-11.635795	-0.3488318255	0.14	0.250584	0.95667
715	0.366272	-4.28353001	3.93812335	314.8306351	4.34312321	285.4724159	1	-16.490981	-0.4943864176	0.5	0.171028	0.898694
716	0.441509	-4.208292989	3.76567472	329.2482669	4.48067048	276.7090062	1	-14.800564	-0.4437090683	0.5	0.125381	0.934988
717	0.571911	-4.375005295	2.2862514	542.303386	2.2862514	542.303386	1	-39.205437	-1.175347637	0.5	0.245596	0.867616
718	0.433277	-4.513639235	1.09074603	1136.691623	1.22469816	1012.365263	1	-14.752245	-0.4422605033	0.06	0.224749	0.885101
719	0.716694	-4.23022251	2.08587211	594.399757	2.08587211	594.399757	1	-30.518227	-0.9149120309	0.5	0.149298	0.926109
720	0.264745	-4.279775291	3.0922011	400.9577111	4.06577999	304.9456386	1	-26.705025	-0.8005952855	0.5	0.304047	0.83537
721	0.561936	-4.384980077	3.70592108	334.5570099	3.70592108	334.5570099	2	-12.939478	-0.3879151989	0.15	0.182608	0.935136
722	0.411647	-4.535269085	5.64107458	219.7882439	5.84858801	211.9899492	1	-12.338579	-0.3699007276	0.15	0.187425	0.889077
723	0.164971	-4.379548983	4.70402051	263.5706781	4.83878001	256.2302632	1	-7.067568	-0.2118800346	0.12	0.300086	0.898839
724	0.705967	-4.240949255	3.31108036	374.4523662	3.31108036	374.4523662	1	-18.030148	-0.5405294129	0.5	0.15387	0.881135
725	0.327012	-4.217508068	2.92823792	423.4088586	4.24040582	292.3875516	1	-32.233211	-0.9663258792	0.5	0.264137	0.907418
726	1.164168	-4.700367599	1.44881885	855.760453	2.14905936	576.9230476	1	-61.263134	-1.836619747	0.5	0.120054	0.90618
727	0.453335	-4.581181555	4.73061131	262.0891454	4.73061131	262.0891454	1	-10.63222	-0.3187454498	0.5	0.226061	0.913115
728	1.064342	-4.800193711	3.73049564	332.3531228	3.73049564	332.3531228	2	-18.951283	-0.5681443033	0.5	0.190568	0.809434
729	0.675495	-4.359021901	3.73774661	331.7083807	3.92639865	315.7707574	2	-9.095126	-0.2726646014	0.5	0.197552	0.981105
730	1.04724	-4.756601685	3.3672096	368.2104837	3.4119144	363.3859851	1	-14.440279	-0.4329080122	0.17	0.154781	0.859733
731	1.304896	-4.498946229	2.76616131	448.2174886	2.76616131	448.2174886	1	-19.508069	-0.5848363022	0.5	0.15628	0.935638
732	0.602383	-4.43213407	4.22467158	293.476511	4.22467158	293.476511	3	-12.852884	-0.38531918	0.5	0.168028	0.929872
733	0.917946	-4.276862843	1.9407467	638.8478597	2.36323486	524.6376043	1	-14.911982	-0.4470492908	0.4	0.116366	0.926042
734	0.553881	-4.640928099	1.1712688	1058.545976	1.20637758	1027.739487	1	-16.21207	-0.4860248889	0.08	0.208613	0.85431
735	0.44266	-4.412588927	5.03783392	246.1061431	5.03783392	246.1061431	2	-13.144716	-0.3940680699	0.5	0.21724	0.918508
736	0.524977	-4.330272083	4.47848078	276.8442997	4.51672686	274.500078	3	-17.006547	-0.5098426738	0.5	0.17123	0.937485
737	0.628273	-4.226976304	4.11122409	301.5748712	4.25294485	291.5255004	2	-12.438462	-0.37289514	0.5	0.198835	0.93683
738	0.767651	-4.388779154	2.91624579	425.1499924	2.91624579	425.1499924	1	-42.007569	-1.259353313	0.5	0.177234	0.904889
739	0.035398	-4.305756646	4.32427098	286.7169706	4.3758352	283.3383386	1	-21.2878	-0.6381912138	0.25	0.14041	0.918951
740	0.180509	-4.022041925	3.36866041	368.0519033	4.46009779	277.9853568	1	-32.67629	-0.9796090332	0.5	0.249325	0.904297
741	0.205063	-3.997487795	2.50956951	494.0456403	3.97570264	311.8547808	1	-41.625124	-1.247887917	0.5	0.216359	0.953576
742	0.180271	-4.286382119	4.29735505	288.5127854	4.29735505	288.5127854	1	-16.715059	-0.5011040968	0.23	0.183472	0.913642
743	0.377556	-4.48175911	3.86683796	320.6345568	3.86683796	320.6345568	2	-33.549778	-1.005795505	0.5	0.31636	0.684375
744	0.294165	-4.032246227	3.21846431	385.2277844	4.21570262	294.1008859	1	-27.896666	-0.8363197293	0.5	0.294992	0.850352
745	0.331116	-3.995294789	2.7585432	449.455305	2.7585432	449.455305	1	-22.237058	-0.6666492092	0.5	0.165932	0.926757
746	0.441164	-4.182361606	4.02430282	308.0886133	4.22652613	293.347737	1	-19.86315	-0.5954813465	0.5	0.187834	0.898808
747	0.444327	-4.310806658	3.99987935	309.9698183	4.09213969	302.9813177	1	-8.434001	-0.2528446028	0.18	0.31557	0.797002
748	0.599445	-4.155689355	2.60318427	476.2789518	2.60318427	476.2789518	1	-43.305892	-1.298275997	0.5	0.205844	0.931745
749	0.453047	-4.302087312	0.71991177	1722.213648	0.71991177	1722.213648	2	-20.078524	-0.6019380867	0.5	0.389981	0.726981
750	-0.07445	-4.17791298	4.89334377	253.3731399	4.89334377	253.3731399	1	-38.43891	-1.152367771	0.5	0.199104	0.93659
751	0.075494	-4.127056571	3.11569877	397.9338078	3.58124983	346.2036815	1	-17.468209	-0.5236829313	0.5	0.179368	0.898234
752	-0.001255	-4.203806282	5.70519894	217.317904	5.74972468	215.634999	1	-20.68166	-0.6200196215	0.5	0.09906	0.932801
753	0.135486	-4.1296007	5.57337386	222.458049	5.57337386	222.458049	1	-41.202917	-1.235230489	0.5	0.088096	0.911904
754	0.073607	-4.252804682	4.40435629	281.5035374	4.53488611	273.4008849	1	-18.626205	-0.5583987249	0.5	0.255778	0.919268
755	0.364701	-4.390432963	5.06266073	244.8992618	5.12976723	241.6955429	1	-19.767968	-0.5926278663	0.5	0.07777	0.944785
756	0.427988	-4.327146217	2.82532005	438.8323636	2.82532005	438.8323636	3	-13.563784	-0.4066313933	0	0.032877	0.987569
757	0.633525	-4.121608686	2.9065742	426.5646738	2.9065742	426.5646738	2	-31.048507	-0.9308094011	0.16	0.278362	0.832453
758	0.213402	-4.11300944	3.06671364	404.2900711	3.67380297	337.4818643	1	-25.483698	-0.7639808791	0.5	0.32481	0.83763
759	0.509781	-3.905793209	2.26130911	548.2850044	2.76667556	448.1341771	1	-27.588863	-0.8270920417	0.5	0.177882	0.907499
760	0.327672	-4.087902981	5.97979843	207.3384061	5.98008376	207.3285133	1	-26.52069	-0.7950690696	0.5	0.080564	0.924984
761	0.605578	-4.406800415	3.24153468	382.4860746	3.35003661	370.0980078	1	-25.719475	-0.7710492849	0.5	0.154492	0.845508
762	0.606296	-4.324315776	2.30887634	536.9892939	2.94780234	420.5987147	1	-24.386031	-0.7310737006	0.5	0.271527	0.729205
763	0.500286	-4.034172896	6.18112167	200.5852565	6.1872528	200.3864907	1	-36.18841	-1.084899581	0.5	0.080414	0.919586
764	0.448797	-4.952108983	5.62316566	220.4882357	6.06338991	204.4799846	2	-10.76819	-0.3228217216	0.5	0.831287	0.999997
765	0.433336	-4.878722246	5.5972575	221.5088149	6.12555433	202.4048451	3	-13.218975	-0.3962942953	0.5	0.766759	0.996912
766	0.330451	-4.771552399	4.70277174	263.6406664	4.70277174	263.6406664	1	-18.617135	-0.5581268136	0.5	0.894755	0.906089
767	0.390198	-4.813267342	5.15764261	240.3892571	5.15764261	240.3892571	1	-24.034496	-0.7205349625	0.18	0.201735	0.798393
768	0.283084	-4.818919935	3.07922828	402.64695	3.07922828	402.64695	2	-65.333335	-1.958641117	0.12	0.923707	0.942316
769	0.245873	-4.737391629	2.95416512	419.6928151	2.95416512	419.6928151	2	-65.212544	-1.955019899	0.14	0.940678	0.950319
770	0.405561	-4.797904349	5.68277724	218.1753433	6.17880783	200.6603716	2	-17.514749	-0.5250781632	0.5	0.74354	0.978022
771	0.299925	-4.683340118	5.15245994	240.6310558	5.15245994	240.6310558	1	-30.197414	-0.9052943138	0.5	0.444855	0.832229
772	0.421223	-4.64650127	4.7466896	261.2013803	4.7466896	261.2013803	1	-33.173134	-0.9945040188	0.5	0.180911	0.819943
773	0.364785	-4.688560272	4.81803828	257.3333385	4.90600392	252.7192998	3	-11.394422	-0.341595656	0.5	0.745374	0.930555
774	0.253448	-4.632472524	4.97021183	249.4545339	4.97021183	249.4545339	2	-15.434558	-0.4627157012	0.5	0.852526	0.987312
775	0.442169	-4.611176801	4.420302	280.4880471	4.46722942	277.5415719	2	-12.639824	-0.3789318117	0.5	0.768341	0.913285
776	0.586809	-4.634147409	3.56314594	347.9626982	3.64946831	339.7321939	1	-63.577907	-1.90601479	0.5	0.363229	0.842242
777	0.261484	-4.484089304	5.30435012	233.7405803	5.30435012	233.7405803	2	-22.470134	-0.6736366412	0.5	0.798117	0.979711
778	0.306299	-4.609708096	4.37577067	283.342517	4.43184374	279.757579	2	-27.487349	-0.8240487331	0.14	0.248925	0.755219
779	0.091819	-4.653754293	4.8349487	256.4333052	4.87180396	254.4933839	2	-34.666095	-1.039261795	0.14	0.177372	0.822837
780	0.270163	-4.475409877	3.78358255	327.6899233	3.78687329	327.4051653	1	-43.594134	-1.306917262	0.5	0.180436	0.820153
781	0.809565	-4.658002281	3.64843658	339.8282657	3.66138341	338.6266164	3	-12.22213	-0.3664096797	0	0.706697	0.859022
782	0.204375	-4.711632251	4.75935631	260.5062102	4.80530716	258.0151142	2	-29.967877	-0.8984129782	0.16	0.170812	0.829524
783	0.531889	-4.832950088	4.56213909	271.7676623	5.2547777	235.9456377	2	-35.822521	-1.073930522	0.5	0.573833	0.748715
784	0.470138	-4.894700957	4.61009169	268.9408278	4.61009169	268.9408278	1	-43.521809	-1.304749016	0.5	0.213524	0.786476
785	0.355398	-4.560608848	4.86999864	254.5877252	4.86999864	254.5877252	2	-15.264356	-0.4576131814	0.5	0.757137	0.852463
786	0.140052	-4.416890041	3.3323588	372.0613385	3.82883573	323.8169415	1	-22.015449	-0.6600055487	0.5	0.438076	0.823175
787	0.705593	-4.474515624	3.55281772	348.9742433	3.65306724	339.3974964	3	-17.964942	-0.5385745892	0.5	0.770921	0.90333
788	0.370881	-4.374692611	4.72181617	262.5773285	4.79639911	258.4943094	2	-15.66123	-0.4695111464	0.12	0.825989	0.996062
789	0.449662	-4.466344963	4.25663053	291.2730778	4.28350059	289.4459448	3	-15.701985	-0.4707329487	0.5	0.781663	0.918841
790	0.330635	-4.652630199	4.66606883	265.714442	4.66606883	265.714442	1	-28.135171	-0.8434699184	0.5	0.926535	0.937202
791	0.462883	-4.639358344	4.15850234	298.1462493	4.22004495	293.7982628	1	-38.73363	-1.161203241	0.5	0.814093	0.942902
792	0.219421	-4.526151975	4.82475583	256.975051	4.82475583	256.975051	2	-12.328228	-0.3695904129	0.13	0.72195	0.967808
793	0.078978	-4.508039578	4.73422328	261.8891848	4.7519328	260.9131752	1	-36.044016	-1.080570764	0.5	0.494088	0.842996
794	0.233979	-4.340059027	4.78094981	259.3296154	4.78094981	259.3296154	2	-29.213048	-0.8757838086	0.16	0.203236	0.797352
795	0.227361	-4.610778444	3.40087067	364.5660173	3.69268274	335.7564033	2	-55.01437	-1.649286801	0.17	0.206242	0.817136
796	0.41775	-4.326584473	3.12895814	396.2475111	3.12895814	396.2475111	3	-13.619044	-0.4082880439	0.5	0.445311	0.888521
797	0.157046	-4.567506251	4.68039924	264.9008796	4.96256856	249.8387398	1	-28.589328	-0.857085182	0.5	0.647829	0.890357
798	0.796661	-4.569682295	3.82721644	323.953948	3.95489638	313.4954134	1	-42.464281	-1.273045173	0.5	0.695327	0.80663
799	0.759506	-4.420602424	3.52666145	351.5624885	3.61614931	342.8624675	2	-13.928258	-0.4175580322	0.5	0.755056	0.871613
800	0.68922	-4.352228427	3.69377925	335.656733	3.78965704	327.1646649	3	-18.792206	-0.5633753021	0.5	0.762432	0.845472
801	0.819763	-4.221686067	3.48884141	355.3735265	3.52808231	351.4209042	2	-12.601293	-0.3777766831	0.5	0.661505	0.765298
802	0.151719	-4.889729589	4.19894166	295.2748516	4.19894166	295.2748516	1	-39.856701	-1.194872011	0.5	0.306717	0.785092
803	0.348164	-4.693284412	3.9787073	311.6192728	3.9787073	311.6192728	2	-23.076873	-0.691826191	0.1	0.713062	0.888224
804	0.216697	-4.41185179	4.05197863	305.9843076	4.05197863	305.9843076	3	-14.943961	-0.4480079956	0.5	0.808909	0.869929
805	0.491496	-4.873343266	3.96782475	312.4739507	3.96782475	312.4739507	2	-9.93574	-0.2978655366	0.08	0.251828	0.748172
806	0.237667	-4.507906163	4.00167212	309.8309502	4.20622952	294.7632481	3	-31.668707	-0.9494025009	0.19	0.191571	0.810739
807	0.064052	-4.509986254	2.69153681	460.6445919	2.69153681	460.6445919	2	-67.475891	-2.022873231	0.5	0.202437	0.797625
808	0.241104	-4.245757047	4.13839277	299.5950226	4.13839277	299.5950226	2	-16.691122	-0.5003864847	0.5	0.754149	0.932792
809	0.511822	-4.326317441	3.55458226	348.801008	3.55458226	348.801008	2	-33.609714	-1.007592338	0.5	0.73223	0.885085
810	-0.016763	-4.387697638	4.80861833	257.8374473	4.95963178	249.9866785	2	-12.212588	-0.3661236182	0.5	0.815815	0.974113
811	0.081251	-4.405609917	4.72292228	262.5158328	5.0210389	246.9293507	3	-18.311857	-0.5489748234	0.45	0.725944	0.9243
812	0.09519	-4.478848062	3.44422425	359.9771053	3.65448561	339.2657703	2	-72.380554	-2.169911104	0.5	0.169973	0.830028
813	0.26331	-4.310727506	3.91066633	317.0410797	3.91066633	317.0410797	2	-36.053639	-1.080859254	0.5	0.179733	0.820737
814	0.309035	-4.758689946	3.66434833	338.3526247	3.66434833	338.3526247	1	-43.129625	-1.292991654	0.5	0.252588	0.841296
815	0.769092	-4.59574682	3.52370944	351.8570122	3.6526603	339.4353084	3	-15.875673	-0.475939976	0.5	0.667564	0.865551
816	0.352008	-4.563998678	4.72654508	262.3146198	4.72654508	262.3146198	3	-17.342804	-0.5199233897	0.5	0.685066	0.939652
817	0.391076	-4.524931561	4.39070616	282.378695	4.39070616	282.378695	1	-9.721567	-0.2914448014	0.5	0.739114	0.897736
818	0.140627	-4.603707071	2.96809824	417.7226544	3.1022669	399.6567399	2	-41.033622	-1.230155161	0.5	0.239978	0.763151
819	0.447998	-4.44520251	5.1881673	238.9749219	5.1881673	238.9749219	4	-36.850164	-1.104738437	0	0.190011	0.809997
820	0.217566	-4.526767818	4.90619069	252.7096792	4.92636298	251.6748929	1	-18.340981	-0.5498479376	0.16	0.162193	0.837826
821	0.289189	-4.943571262	5.46988184	226.6670308	5.46988184	226.6670308	1	-95.777167	-2.871322845	0.5	0.206764	0.793236
822	0.535598	-4.69716178	3.41811642	362.7266374	3.42115917	362.4040314	1	-69.234622	-2.07559858	0.5	0.355483	0.644517
823	0.340732	-4.40360219	4.46953797	277.3982196	4.60935762	268.9836584	2	-23.335685	-0.6995851678	0.16	0.251187	0.749162
824	0.083415	-4.660919175	4.04018533	306.8774757	4.12417381	300.6279397	1	-23.127424	-0.6933416696	0.5	0.246615	0.753385
825	0.277023	-4.46731073	3.84694138	322.2928953	3.96606589	312.6125258	2	-25.762807	-0.7723483436	0.18	0.232641	0.772787
826	0.745437	-4.296011362	4.27070508	290.3131572	4.27070508	290.3131572	1	-9.735943	-0.2918757824	0.5	0.581058	0.820388
827	0.332824	-4.708624703	4.98795661	248.5670932	5.18354905	239.1878351	2	-14.35339	-0.4303031495	0.15	0.596521	0.619706
828	0.752759	-4.288689648	3.63780937	340.8210132	3.72659545	332.7009578	3	-20.176213	-0.6048667248	0.5	0.709508	0.918238
829	0.198547	-4.430001605	3.44403739	359.9966362	3.87333064	320.0970923	1	-8.406456	-0.2520188257	0.07	0.666237	0.882717
830	0.646835	-4.394613658	3.74066739	331.4493769	3.9113969	316.9818628	2	-14.114776	-0.4231496927	0.5	0.73459	0.912388
831	0.282167	-4.759282059	3.83818166	323.0284508	3.83818166	323.0284508	2	-22.967846	-0.6885576488	0.11	0.682861	0.924851
832	0.189061	-4.439487575	4.23982584	292.4275483	4.23982584	292.4275483	3	-15.211566	-0.4560305794	0.5	0.665816	0.868588
833	0.746931	-4.29451755	3.6653294	338.2620605	3.82101727	324.4795267	3	-14.745864	-0.442069206	0.5	0.715959	0.876866
834	0.389834	-4.2387146	3.5042166	353.8142806	3.50600975	353.6333222	2	-13.898019	-0.4166514912	0.5	0.779902	0.859828
835	1.009926	-4.949141946	1.18920223	1042.582871	1.18920223	1042.582871	1	-114.833218	-3.442608009	0.5	0.189938	0.822735
836	0.51148	-4.61756937	2.35337879	526.8348133	2.6714355	464.1107283	2	-9.821129	-0.2944295905	0.11	0.324829	0.692107
837	1.048603	-4.910465268	3.5100318	353.2281034	3.5479513	349.4529013	1	-36.761319	-1.102074935	0.5	0.619761	0.811455
838	0.738012	-4.391037801	0.13455737	9214.224947	0.22545391	5499.314141	2	-62.454715	-1.872342392	0.5	0.331099	0.781647
839	0.968183	-4.943695855	4.03305316	307.4201669	4.03305316	307.4201669	1	-28.174437	-0.8446470817	0.5	0.422503	0.932883
840	1.199178	-4.712701275	2.32732795	532.7319149	2.55972068	484.3660815	1	-41.531356	-1.245076828	0.17	0.277573	0.911212
841	0.67073	-4.458319993	1.83283759	676.4603051	2.24531097	552.1916082	2	-61.990163	-1.858415495	0.5	0.262911	0.750926
842	0.968802	-4.334043796	2.02668281	611.7592103	2.42882609	510.469597	1	-41.963322	-1.258026823	0.26	0.614893	0.855061
843	0.994197	-4.308649319	2.56263602	483.8150505	2.565838	483.2112844	3	-17.02617	-0.5104309557	0.5	0.580415	0.82161
844	0.43145	-4.531836507	3.79774975	326.4675023	4.07838956	304.0028073	1	-26.509964	-0.7947475127	0.5	0.500364	0.744358
845	0.608231	-4.355055193	1.82010194	681.1936454	2.14563634	577.8434361	2	-102.730187	-3.079768822	0.5	0.277365	0.737198
846	0.697999	-4.265287595	2.33873726	530.1330323	2.42304689	511.6871161	2	-26.169234	-0.7845326999	0.12	0.236722	0.766262
847	0.693867	-4.557095395	4.18538073	296.231563	4.33055507	286.3009142	1	-35.800855	-1.073280992	0.5	0.721295	0.763215
848	-0.020331	-4.437110739	4.78055035	259.3512848	4.79194156	258.7347654	1	-25.341296	-0.759711781	0.5	0.857493	0.924528
849	0.268562	-4.018017484	4.25294138	291.5257382	4.25294138	291.5257382	2	-12.735237	-0.3817922171	0.5	0.730502	0.844247
850	0.136548	-4.150031886	3.97927687	311.5746695	4.07965584	303.9084482	2	-25.207281	-0.7556941186	0.1	0.710629	0.920632
851	0.053092	-4.497589859	4.73582009	261.8008818	4.73839349	261.6586989	1	-25.354515	-0.7601080761	0.5	0.48831	0.746615
852	0.369428	-4.584420192	4.49919158	275.5699226	4.50109292	275.4535171	1	-41.67851	-1.249488387	0.5	0.78975	0.901631
853	0.309232	-4.111712025	2.37626221	521.7613907	2.37626221	521.7613907	2	-29.439365	-0.8825686112	0.5	0.368536	0.650756
854	0.153674	-4.267270168	3.319815	373.4671587	3.6552248	339.1971611	2	-23.443004	-0.7028025055	0.08	0.711883	0.761939
855	0.36999	-4.34806809	3.18060276	389.8134942	3.42017762	362.5080371	2	-14.179893	-0.4251018482	0.12	0.699372	0.748202
856	0.495331	-4.367840318	3.53441949	350.7908099	3.53441949	350.7908099	2	-35.13366	-1.05327902	0.5	0.258889	0.741111
857	0.573585	-4.289585888	3.31432559	374.0857202	3.34147853	371.0458901	2	-28.352386	-0.8499818504	0.4	0.218799	0.788193
858	0.886591	-3.976580368	4.58806068	270.2322314	4.58806068	270.2322314	2	-16.193311	-0.4854625091	0.5	0.578275	0.653546
859	-0.154015	-4.333103478	3.11450154	398.0867755	3.11450154	398.0867755	1	-60.491211	-1.813478113	0.5	0.229246	0.895963
860	-0.144968	-4.431547361	4.48288696	276.5721925	4.75023135	261.0066298	2	-28.964788	-0.8683411724	0.2	0.26477	0.736922
861	-0.049216	-4.335795745	5.02477484	246.7457578	5.04735904	245.641704	2	-22.695404	-0.6803900556	0.5	0.194782	0.805218
862	0.116978	-4.242640794	4.89923132	253.0686539	4.89923132	253.0686539	2	-30.485599	-0.9139338695	0.39	0.196937	0.803244
863	0.060416	-4.360527347	4.29005044	289.0040322	4.29005044	289.0040322	3	-13.94023	-0.4179169432	0.5	0.800222	0.893772
864	0.062255	-4.80091667	4.61191202	268.8346764	4.67337908	265.2988029	1	-47.936177	-1.437088238	0.5	0.28874	0.718798
865	-0.095038	-4.958209433	4.05359533	305.8622715	4.06797967	304.7807452	1	-101.962876	-3.056765452	0.5	0.148629	0.857453
866	0.44789	-4.415281665	3.06706332	404.2439774	3.17561129	390.4262084	2	-71.622085	-2.147172811	0.5	0.175644	0.923748
867	0.003863	-4.417080999	4.79516211	258.5609927	4.82287643	257.0751902	2	-16.160011	-0.4844642018	0.14	0.276559	0.725749
868	0.29363	-4.229982022	2.59377801	478.0061635	2.68008131	462.61353	2	-53.932591	-1.616855932	0.5	0.256399	0.764581
869	0.200988	-4.322623681	3.52949706	351.280042	3.82257045	324.3476848	2	-35.206874	-1.055473917	0.5	0.149004	0.850996
870	0.526564	-4.611857222	3.18318263	389.4975625	3.18318263	389.4975625	2	-35.335371	-1.059326154	0.17	0.108235	0.893116
871	0.496409	-4.560246237	4.41676199	280.7128567	4.41676199	280.7128567	4	-8.935067	-0.2678661606	0	0.186163	0.813837
872	0.662794	-3.997708893	6.34671551	195.3517333	6.71132186	184.738849	4	-57.665063	-1.728752457	0.5	0.614091	1
873	0.394944	-4.922160034	6.01700316	206.0563776	6.16158044	201.2214054	3	-11.727633	-0.3515850552	0.5	0.524108	0.999998
874	0.368777	-4.851097876	5.97993666	207.3336134	5.97993666	207.3336134	3	-15.906102	-0.4768522131	0.5	0.479568	0.994008
875	0.380778	-4.637422997	3.56011063	348.2593673	3.56011063	348.2593673	1	-18.237415	-0.5467431118	0.5	0.70524	0.934018
876	0.393279	-4.707760593	5.73623612	216.1420572	6.21797437	199.3964275	3	-50.457163	-1.512665381	0	0.359529	0.964895
877	0.40258	-4.615621388	3.60982167	343.4634696	3.67098627	337.7408098	2	-55.713277	-1.670239474	0.2	0.603749	0.959449
878	0.283527	-4.607555066	4.29033879	288.9846085	4.29033879	288.9846085	4	-32.806812	-0.9835219783	0	0.114407	0.885808
879	0.326211	-4.774829009	5.92046143	209.4164264	5.92046143	209.4164264	2	-19.822249	-0.5942551672	0.5	0.444341	0.986419
880	0.352534	-4.538548538	4.12496467	300.5703017	4.12496467	300.5703017	1	-34.080464	-1.021705046	0.5	0.639813	0.914332
881	0.343309	-4.609187557	5.5421203	223.7125519	5.66026013	219.0432678	1	-26.282906	-0.7879404956	0.5	0.111392	0.888612
882	0.296753	-4.664409308	5.07885581	244.1183451	5.23093778	237.0209564	3	-14.395452	-0.4315641346	0.5	0.546575	0.897462
883	0.203676	-4.598441894	4.88883058	253.6070447	4.90028414	253.0142824	3	-17.230171	-0.5165467424	0.5	0.522967	0.989136
884	0.373036	-4.588126893	4.74950799	261.0463817	4.82396542	257.0171565	3	-13.87569	-0.4159820856	0.5	0.541266	0.90724
885	0.646537	-4.482236252	3.61927943	342.5659442	3.7951807	326.6884961	2	-96.205446	-2.884162307	0.5	0.352298	0.87932
886	0.200501	-4.452889583	5.17866528	239.4134026	5.32552492	232.8112053	3	-23.331705	-0.6994658505	0.5	0.491873	0.995016
887	0.301545	-4.512036665	5.17151794	239.7442859	5.27252047	235.1516476	3	-14.93991	-0.4478865499	0.5	0.497799	0.908823
888	0.043381	-4.610009829	5.23771353	236.714335	5.29903023	233.9752411	2	-31.924605	-0.9570741182	0.12	0.111999	0.888075
889	0.262765	-4.390625552	4.66577274	265.7313042	5.03277516	246.3535199	3	-17.412535	-0.5220138693	0.41	0.45905	0.993513
890	0.742608	-4.622534072	3.7033931	334.7853825	3.7033931	334.7853825	3	-12.787443	-0.3833573112	0.5	0.449976	0.904248
891	0.219616	-4.593965442	5.39663358	229.743572	5.39782678	229.6927867	3	-10.340556	-0.3100015964	0.5	0.505879	0.901182
892	0.624714	-4.624896207	4.06774299	304.7984788	4.06774299	304.7984788	2	-20.993929	-0.6293811963	0.5	0.42353	0.910467
893	0.708831	-4.540779334	3.85942588	321.2503398	4.07535674	304.2290417	2	-30.313482	-0.9087739396	0.5	0.106295	0.895171
894	0.275409	-4.538172727	5.32427028	232.8660662	5.50056689	225.4025631	3	-12.778293	-0.3830830015	0.5	0.522261	0.904508
895	0.202022	-4.262736505	4.01878202	308.5118499	4.01878202	308.5118499	2	-16.1124	-0.4830368621	0.5	0.597831	0.836381
896	0.628821	-4.448862439	3.57077154	347.2196027	3.75353352	330.3132552	3	-16.424015	-0.4923788305	0.5	0.527035	0.907969
897	0.30629	-4.347100457	4.37720751	283.2495084	4.66910472	265.5416723	3	-19.797475	-0.5935124625	0.41	0.473556	0.994232
898	0.366826	-4.446755387	4.72907971	262.1740278	4.76830149	260.017509	2	-14.637451	-0.438819071	0.5	0.51143	0.927281
899	0.396123	-4.49495884	3.18775374	388.9390388	3.18775374	388.9390388	1	-33.006381	-0.9895048973	0.5	0.314816	0.882372
900	0.508004	-4.491812075	3.70530804	334.6123621	3.75403935	330.2687478	1	-40.572995	-1.216345932	0.5	0.608476	0.83358
901	0.157907	-4.495483803	4.91426886	252.2942702	4.95860477	250.038455	3	-24.168804	-0.7245614089	0.5	0.472144	0.992434
902	0.118831	-4.384384488	3.96189855	312.9413486	4.05671243	305.6272528	1	-32.67734	-0.9796405113	0.5	0.682909	0.956752
903	0.209046	-4.262566228	5.3683824	230.9526004	5.3683824	230.9526004	3	-20.322341	-0.6092475253	0.5	0.429688	0.988232
904	0.159026	-4.576688365	2.7942484	443.7121179	2.7942484	443.7121179	2	-35.460265	-1.063070376	0.17	0.109899	0.891338
905	0.374394	-4.254711711	3.88320977	319.2827452	4.00525238	309.5539951	3	-20.557538	-0.6162985432	0.5	0.561409	0.838775
906	0.203517	-4.428852907	4.30945021	287.7030282	4.43083957	279.8209811	1	-25.073002	-0.7516685416	0.5	0.651895	0.931444
907	0.806414	-4.457504113	3.75965568	329.7753786	3.85117293	321.9387698	1	-38.920904	-1.166817565	0.5	0.185658	0.908821
908	0.683228	-4.394455837	4.01839469	308.5415871	4.19855113	295.3023167	2	-12.733801	-0.3817491669	0.5	0.525072	0.884433
909	0.597647	-4.328573629	4.22384059	293.534249	4.46571413	277.6357463	2	-15.151171	-0.4542199856	0.5	0.487493	0.895419
910	0.731111	-4.195108875	3.68291588	336.6468081	3.79304247	326.8726584	3	-19.91514	-0.5970399651	0.5	0.492089	0.813675
911	0.505283	-4.42093673	4.25699682	291.2480154	4.25699682	291.2480154	2	-15.079657	-0.4520760531	0.18	0.202133	0.80074
912	0.464622	-4.4615979	5.06957253	244.5653688	5.06957253	244.5653688	3	-17.469291	-0.5237153687	0.5	0.4911	0.868664
913	0.135103	-4.3910204	4.6079036	269.0685359	4.6079036	269.0685359	3	-11.128882	-0.3336349793	0.5	0.650645	0.970146
914	0.440879	-4.808731562	3.06605415	404.3770314	3.06605415	404.3770314	1	-44.524419	-1.334806462	0.5	0.167332	0.916678
915	0.219057	-4.434333328	4.44491071	278.935159	4.65194818	266.5209988	3	-23.537259	-0.705628195	0.46	0.465222	0.987675
916	0.012197	-4.459415177	5.17198905	239.7224479	5.19331174	238.7381959	1	-26.756748	-0.8021458996	0.14	0.129229	0.892115
917	0.176901	-4.217777095	3.82703915	323.9689553	3.88947412	318.7685114	2	-19.041825	-0.57085868	0.5	0.549682	0.893302
918	0.445138	-4.290576331	3.17960881	389.9353504	3.17960881	389.9353504	2	-28.621012	-0.858035043	0.5	0.458457	0.924605
919	-0.074992	-4.362123558	4.45161544	278.5150452	4.45161544	278.5150452	3	-22.896974	-0.6864329629	0.5	0.516821	0.97911
920	0.01101	-4.383668083	4.61401838	268.7119498	4.67258	265.3441729	2	-16.164743	-0.4846060633	0.39	0.544535	0.882951
921	0.168803	-4.302809534	4.65572424	266.304835	4.90009219	253.0241937	3	-25.640473	-0.7686808682	0.45	0.420036	0.982156
922	0.199628	-4.271984482	4.41317098	280.9412735	4.41317098	280.9412735	1	-29.815785	-0.8938533817	0.5	0.112962	0.887164
923	0.248877	-4.703619118	4.9044087	252.8014999	4.9044087	252.8014999	2	-27.41784	-0.8219649089	0.15	0.148372	0.900999
924	0.683826	-4.565785052	3.78363458	327.6854171	3.78363458	327.6854171	3	-17.919728	-0.5372191097	0.5	0.420531	0.909239
925	0.271931	-4.541651149	5.08595958	243.7773749	5.24512346	236.3799222	2	-11.97264	-0.3589301691	0.5	0.501762	0.904348
926	0.308173	-4.505409191	4.78087376	259.3337406	4.78087376	259.3337406	2	-12.982136	-0.3891940516	0.5	0.507386	0.901469
927	0.081734	-4.547371811	4.48142434	276.6624585	4.4919156	276.0162892	2	-26.613921	-0.7978640604	0.5	0.147389	0.852611
928	0.414528	-4.346983606	6.15600724	201.4035766	6.52149066	190.1163308	3	-44.628494	-1.337926547	0.5	0.307752	0.983136
929	0.158002	-4.471103331	5.69940275	217.5389124	5.69940275	217.5389124	1	-20.741516	-0.6218140565	0.5	0.100269	0.900237
930	0.598695	-4.502375714	3.99095667	310.6628255	4.5126227	274.7497316	2	-100.24471	-3.00525621	0.5	0.102495	0.932943
931	0.880618	-4.220453008	4.01999813	308.4185204	4.01999813	308.4185204	3	-16.520521	-0.4952720032	0.5	0.351521	0.913764
932	0.320375	-4.308730406	5.5566419	223.1279067	5.5566419	223.1279067	3	-17.840392	-0.5348406798	0.5	0.48086	0.893206
933	0.174516	-4.454589423	5.63041985	220.2041603	5.77145285	214.8231836	2	-12.560588	-0.3765563798	0.5	0.494767	0.898818
934	0.270892	-4.358214196	5.047067	245.6559177	5.2180206	237.6077004	2	-18.792081	-0.5633715547	0.5	0.473046	0.939408
935	0.659817	-4.266402987	3.95052496	313.8423091	4.03900991	306.9667822	2	-15.358924	-0.4604482544	0.5	0.47126	0.814025
936	0.510541	-4.415679027	3.72588625	332.7642854	3.72588625	332.7642854	2	-13.047194	-0.3911444384	0.5	0.453117	0.83009
937	0.662789	-4.263430959	3.76839226	329.0108327	3.82327156	324.288206	3	-21.081312	-0.6320008687	0.5	0.491917	0.920013
938	0.286905	-4.239218406	3.01065903	411.8174337	3.82478138	324.1601943	2	-18.072964	-0.5418130023	0.5	0.640197	0.786664
939	0.556148	-4.370072227	3.68809426	336.174129	3.74491244	331.073662	2	-16.343858	-0.4899757878	0.5	0.496016	0.907764
940	0.401667	-4.524553154	4.67387658	265.2705638	4.67387658	265.2705638	3	-21.146244	-0.6339474781	0.5	0.516578	0.85412
941	0.107067	-4.419056524	4.87473542	254.3403423	4.87502358	254.3253084	3	-13.487763	-0.4043523445	0.5	0.623795	0.780186
942	0.659653	-4.266566723	4.24353741	292.1717793	4.30859367	287.760223	3	-19.064611	-0.5715417861	0.5	0.488483	0.902746
943	0.307983	-4.218141154	3.74906779	330.7067103	3.75123963	330.5152423	3	-15.158371	-0.4544358359	0.5	0.622352	0.95395
944	0.990447	-4.853392709	1.19481576	1037.684568	1.19481576	1037.684568	1	-100.864603	-3.023840106	0.5	0.119806	0.898635
945	0.423536	-4.590285544	2.70433664	458.4643262	3.00511609	412.5770314	1	-18.215853	-0.5460967003	0.18	0.206179	0.80173
946	1.062629	-4.781210502	3.2690637	379.2651319	3.30965773	374.6133215	1	-38.636401	-1.158288393	0.5	0.435209	0.837141
947	0.666234	-4.347587279	1.763949	702.8785273	1.95766726	633.3261534	2	-48.973358	-1.468182094	0.27	0.126367	0.877424
948	1.003629	-4.776560406	3.39590356	365.0992596	3.39590356	365.0992596	2	-21.974999	-0.65879289	0.17	0.233274	0.951591
949	0.97349	-4.806699012	1.45004732	855.0354587	1.45004732	855.0354587	1	-94.00643	-2.818237566	0.5	0.122677	0.88674
950	0.579623	-4.434197711	2.20911415	561.2393888	2.41671383	513.0280052	2	-34.017602	-1.019820494	0.26	0.162316	0.844218
951	0.688996	-4.482160304	3.88349024	319.2596862	4.03356004	307.3815347	1	-23.953826	-0.7181165404	0.5	0.242126	0.888606
952	0.885426	-4.285730278	2.49168324	497.5920918	2.52853866	490.3392995	3	-13.849845	-0.4152072732	0.5	0.566682	0.725069
953	0.401268	-4.430328994	3.46148601	358.1819692	3.46148601	358.1819692	1	-16.477843	-0.4939925509	0.5	0.201505	0.811862
954	0.505414	-4.326182418	2.14054064	579.219031	2.38661944	519.497099	1	-42.861848	-1.284963914	0.5	0.173071	0.834526
955	0.598073	-4.233523733	2.05314567	603.8742859	2.29933025	539.2187031	1	-29.646847	-0.8887887556	0.5	0.156631	0.850174
956	0.86142	-4.274314226	2.77432807	446.8980755	2.97589439	416.6283184	2	-88.670001	-2.658255694	0.5	0.207773	0.859206
957	0.028003	-4.296594888	3.96006219	313.0864658	3.98124858	311.4203624	1	-29.099001	-0.8723647708	0.5	0.285006	0.864208
958	0.195579	-3.988575571	4.32983734	286.3483725	4.47407521	277.1169051	3	-14.697326	-0.4406140756	0.5	0.530024	0.901261
959	0.142214	-4.041940022	4.34139449	285.5860895	4.56008144	271.8902923	2	-22.433676	-0.6725436595	0.5	0.505032	0.932326
960	0.110756	-4.33750022	3.93657595	314.9543896	3.95414604	313.5549023	1	-27.819523	-0.8340070439	0.5	0.649704	0.871875
961	0.409747	-4.428872189	3.37274515	367.6061547	3.37274515	367.6061547	2	-74.227966	-2.225295038	0.5	0.293988	0.810417
962	0.276982	-4.028733547	4.2540862	291.4472855	4.49565092	275.7869544	2	-13.594875	-0.4075634766	0.5	0.579668	0.811613
963	0.206848	-4.098867332	4.2690861	290.4232537	4.38862961	282.5123069	3	-13.980288	-0.41911785	0.5	0.597926	0.931835
964	0.491638	-4.111191346	3.68398713	336.5489161	3.71657079	333.5983479	3	-13.192522	-0.3955012555	0.5	0.572321	0.914287
965	0.687213	-4.044268292	3.96303305	312.8517627	3.96303305	312.8517627	2	-11.843622	-0.3550623127	0.5	0.462697	0.902235
966	0.550064	-4.18141741	4.30065445	288.2914426	4.30065445	288.2914426	2	-37.743064	-1.131506864	0.08	0.427581	0.922529
967	0.283429	-4.448052633	2.57244698	481.9698462	2.57244698	481.9698462	1	-27.265234	-0.8173899031	0.5	0.271461	0.765783
968	-0.199203	-4.286108353	4.57957168	270.7331519	4.67890881	264.9852617	2	-35.281412	-1.057708507	0.5	0.118815	0.881458
969	-0.199524	-4.383678363	4.99684953	248.124717	5.25656209	235.8655437	2	-25.455307	-0.7631297396	0.18	0.169523	0.832768
970	-0.048876	-4.233030462	5.11158634	242.5552056	5.3123701	233.3877068	3	-15.14883	-0.4541498043	0.5	0.475624	0.906848
971	0.003699	-4.240691882	5.19506098	238.6578098	5.55017191	223.3880131	2	-19.295093	-0.5784514521	0.17	0.108041	0.891959
972	-0.033072	-4.338786936	5.01689471	247.1333259	5.01689471	247.1333259	3	-13.045843	-0.3911039365	0.5	0.66145	0.999926
973	0.243852	-4.487629844	4.72323744	262.4983163	5.03115335	246.4329328	2	-33.988576	-1.018950318	0.5	0.144845	0.858034
974	0.235343	-4.496138787	3.51424276	352.8048459	3.76530777	329.280354	2	-25.465576	-0.763437596	0.19	0.192986	0.807014
975	0.377355	-4.354126906	4.96612206	249.6599682	5.16970562	239.8283319	2	-43.333688	-1.299109299	0.5	0.121387	0.957389
976	0.002403	-4.30331206	5.38439078	230.2659532	5.38585003	230.2035646	3	-11.771497	-0.3529000629	0.5	0.540994	0.810306
977	0.212015	-4.179906667	3.62607645	341.9238101	3.86081822	321.1344862	1	-38.218329	-1.145754929	0.5	0.168962	0.844108
978	0.121069	-4.270853505	4.83666816	256.3421418	5.13445881	241.4746951	2	-19.905204	-0.5967420918	0.5	0.145488	0.854512
979	0.423124	-4.561659777	4.17233172	297.1580302	4.18074153	296.5602792	2	-24.575165	-0.7367437866	0.16	0.186401	0.813613
980	0.537135	-4.365882191	4.26344935	290.8072252	4.26344935	290.8072252	4	-7.889705	-0.2365270441	0	0.124016	0.875984
981	0.503498	-4.003366696	7.0720449	175.3158942	7.1084033	174.4191801	3	-47.779966	-1.432405157	0.5	0.311282	1
982	0.654783	-4.891812318	4.81673356	257.4030429	5.08887314	243.6378038	2	-16.389328	-0.491338942	0.5	0.338678	0.999998
983	0.645675	-4.826641	5.0671172	244.6838758	5.0671172	244.6838758	4	-33.450149	-1.002808707	0.09	0.287505	0.996798
984	0.705939	-4.541753848	2.56119996	484.0863247	2.58892096	478.9029463	1	-32.660187	-0.9791262781	0.29	0.324761	0.928182
985	0.642397	-4.73913268	5.81468185	213.22609	6.03814448	205.3349137	2	-22.660505	-0.6793438115	0.14	0.235883	0.991215
986	0.706627	-4.541066102	3.1584086	392.5527164	3.34933439	370.1756024	2	-25.821992	-0.7741226626	0.29	0.464832	0.995624
987	0.574025	-4.569498188	3.02189345	410.28643	3.02189345	410.28643	2	-31.41856	-0.941903294	0.5	0.148406	0.973126
988	0.625563	-4.755966599	5.26736466	235.3818191	5.26736466	235.3818191	2	-33.063136	-0.9912063668	0.1	0.273938	0.991497
989	0.689273	-4.454250485	2.95581416	419.4586697	2.95581416	419.4586697	1	-32.544616	-0.975661552	0.5	0.246932	0.901877
990	0.684111	-4.583936032	5.43462252	228.1376252	5.67811122	218.3546302	1	-19.64299	-0.5888811258	0.5	0.235838	0.985873
991	0.574481	-4.639123129	4.20154289	295.0920431	4.48095682	276.691324	4	-19.909586	-0.5968734606	0.07	0.35415	0.928793
992	0.459832	-4.571777832	3.99384024	310.4385256	4.07737354	304.0785602	3	-21.130003	-0.6334605859	0.5	0.312551	0.992311
993	0.648825	-4.564778701	3.99797537	310.1174371	4.39826376	281.8934796	3	-20.469912	-0.6136715858	0.5	0.335764	0.940716
994	0.960922	-4.420293073	3.18015259	389.8686746	3.36408846	368.5521026	2	-59.15763	-1.773498421	0.5	0.303304	0.961924
995	0.474527	-4.431304173	4.42606217	280.123014	4.66057121	266.0278793	3	-32.552075	-0.9758851668	0.09	0.297877	0.996844
996	0.601021	-4.493050461	4.55149545	272.403189	4.93614699	251.1760444	3	-19.726157	-0.5913744059	0.5	0.315096	0.944352
997	0.393259	-4.512572731	4.41475065	280.8407481	4.55837249	271.9922249	2	-30.168136	-0.9044165828	0.08	0.281089	0.994499
998	0.533859	-4.371972723	3.977929	311.6802425	4.47444313	277.0941186	2	-27.175961	-0.81471357	0.09	0.286654	0.994592
999	1.052219	-4.593413152	3.35361432	369.7031791	3.35361432	369.7031791	3	-36.290258	-1.087952903	0.09	0.277459	0.940027
1000	0.520062	-4.574009727	4.66215819	265.9373245	4.85131567	255.5681716	2	-31.483523	-0.9438508327	0.09	0.316572	0.932861
1001	0.964793	-4.60036927	3.74734801	330.8584823	3.74734801	330.8584823	2	-26.352089	-0.7900145465	0.09	0.269593	0.942267
1002	1.054234	-4.510927611	3.86782798	320.5524863	4.03493217	307.2770057	2	-25.152601	-0.7540548559	0.13	0.231229	0.95471
1003	0.575105	-4.518966868	4.65382613	266.4134501	4.96226659	249.8539433	3	-29.80168	-0.8934305251	0.09	0.327602	0.938984
1004	0.477322	-4.239878135	4.07837992	304.0035258	4.07837992	304.0035258	3	-15.80204	-0.4737325176	0.5	0.584162	0.767076
1005	0.936582	-4.421591705	3.03759692	408.1653715	3.40287593	364.3511844	4	-31.516412	-0.9448368186	0.09	0.326598	0.941479
1006	0.576699	-4.329132326	3.79290509	326.8844978	4.21184952	294.3699364	2	-29.250946	-0.8769199603	0.09	0.293533	0.996467
1007	0.665717	-4.428354394	4.28885071	289.0848759	4.54562931	272.7547257	2	-23.59813	-0.7074530589	0.09	0.324932	0.952679
1008	0.735273	-4.40825028	2.65475137	467.0274925	2.85127537	434.8376479	2	-18.022929	-0.5403129931	0.13	0.32451	0.939838
1009	0.874945	-4.405360999	2.28865246	541.7344473	2.28865246	541.7344473	1	-26.226746	-0.7862568637	0.5	0.277617	0.86785
1010	0.432184	-4.473646998	4.18935201	295.9507514	4.32043127	286.9717854	3	-27.508188	-0.8246734697	0.09	0.291611	0.99337
1011	0.423038	-4.30966909	2.96463617	418.2104664	3.09306485	400.8457422	2	-38.350458	-1.14971605	0.5	0.458231	0.980299
1012	0.504509	-4.247593149	4.89540586	253.2664116	4.89540586	253.2664116	3	-25.510963	-0.764798262	0.09	0.268964	0.992985
1013	0.538734	-4.477470083	3.2460726	381.9513696	3.2460726	381.9513696	2	-24.932886	-0.747467976	0.5	0.081282	0.927924
1014	0.711693	-4.232964373	3.82432898	324.1985409	3.96215512	312.9210841	3	-26.693689	-0.8002554413	0.1	0.364154	0.896818
1015	0.542043	-4.342767198	3.43194822	361.2647383	3.57717777	346.5977805	2	-18.88908	-0.5662795071	0.14	0.514588	0.917457
1016	1.168887	-4.375520777	3.29988601	375.7226376	3.43010164	361.4592235	1	-23.035085	-0.6905734202	0.5	0.347489	0.854782
1017	0.990315	-4.367858401	3.54225087	350.0152646	3.87105208	320.2855063	3	-33.786738	-1.012899376	0.09	0.329103	0.926797
1018	0.934944	-4.306827187	3.94913261	313.9529608	4.26514177	290.6918321	2	-26.97343	-0.8086418527	0.09	0.317681	0.931079
1019	1.069257	-4.172514187	3.35107306	369.9835406	3.53928148	350.3089207	3	-24.891657	-0.7462319635	0.09	0.318875	0.878034
1020	0.904218	-4.337553692	4.05754954	305.5641991	4.51304458	274.7240479	2	-30.571664	-0.9165140294	0.09	0.314992	0.865293
1021	0.803396	-4.438374998	4.52425761	274.0431652	4.65251687	266.4884212	3	-26.7472	-0.8018596582	0.09	0.313871	0.920003
1022	0.437258	-4.369355474	4.06743841	304.8213029	4.06743841	304.8213029	3	-15.503597	-0.4647854352	0.5	0.428515	0.989692
1023	1.190183	-4.37497874	3.40943913	363.6498052	3.40943913	363.6498052	3	-26.956175	-0.8081245616	0.09	0.256814	0.935733
1024	0.489195	-4.416636851	3.85846257	321.3305437	4.14592463	299.0507513	3	-23.210879	-0.6958435837	0.42	0.288349	0.991802
1025	0.319912	-4.432190629	4.59090223	270.0649705	4.59090223	270.0649705	1	-20.472776	-0.6137574463	0.14	0.099745	0.921234
1026	0.449485	-4.19763458	3.22343672	384.6335396	3.50306954	353.9301351	3	-19.878421	-0.5959391588	0.09	0.337941	0.93131
1027	0.751137	-4.265067598	2.79618265	443.4051815	2.81661838	440.1880937	2	-29.508923	-0.8846539044	0.5	0.282061	0.952585
1028	0.179007	-4.337616408	3.77914103	328.0750482	3.77914103	328.0750482	3	-28.714892	-0.8608494902	0.5	0.316518	0.985867
1029	0.285291	-4.36182825	3.97248267	312.1075605	4.09711676	302.6132639	3	-28.264267	-0.8473401132	0.09	0.350633	0.919233
1030	0.463445	-4.28865758	4.16640386	297.5808196	4.45696044	278.1810366	3	-23.863474	-0.7154078597	0.5	0.270999	0.986106
1031	0.508213	-4.243889188	4.31075486	287.6159549	4.31075486	287.6159549	2	-24.327976	-0.7293332581	0.5	0.216396	0.980484
1032	0.591361	-4.676686003	4.86132333	255.0420516	4.86132333	255.0420516	2	-20.598756	-0.6175342259	0.15	0.096291	0.93616
1033	1.024401	-4.54076052	3.48074619	356.2000237	3.48074619	356.2000237	2	-26.968613	-0.8084974429	0.09	0.264728	0.942192
1034	0.57255	-4.521521659	4.40139393	281.6930034	4.66768219	265.6225992	3	-27.57007	-0.8265286425	0.09	0.31991	0.933802
1035	0.607206	-4.486865995	4.20943092	294.5390717	4.50410155	275.2695208	2	-18.165835	-0.5445972006	0.5	0.31771	0.938881
1036	0.541303	-4.40335392	4.65130881	266.5576349	5.02327491	246.8194351	2	-22.837649	-0.6846544469	0.1	0.29819	0.936912
1037	0.736335	-4.385806629	6.17715643	200.7140161	6.21742958	199.4138992	2	-56.35869	-1.689588439	0.35	0.203375	0.988995
1038	0.497985	-4.446671646	4.73916084	261.6163319	4.73916084	261.6163319	2	-17.725321	-0.5313909433	0.13	0.109551	0.949165
1039	0.993081	-4.468619247	4.02591378	307.9653324	4.50901929	274.9692995	2	-82.454174	-2.471910173	0.5	0.118956	0.934556
1040	1.257545	-4.204155188	3.91127327	316.9918821	3.91127327	316.9918821	3	-19.354257	-0.5802251415	0.5	0.234241	0.941849
1041	0.649007	-4.295650092	5.15236547	240.6354679	5.15236547	240.6354679	2	-21.541141	-0.6457861743	0.09	0.307717	0.930053
1042	0.503534	-4.441123237	5.066642	244.7068246	5.36931744	230.9123812	3	-14.963179	-0.4485841359	0.5	0.313255	0.936191
1043	0.601425	-4.343231784	4.85847492	255.1915767	5.02368713	246.7991822	3	-19.378911	-0.5809642487	0.09	0.311427	0.960383
1044	0.99867	-4.243101121	3.33170755	372.1340654	3.66004481	338.7504634	3	-22.171514	-0.6646842525	0.09	0.306905	0.875715
1045	0.853523	-4.388248705	3.31697276	373.7871744	3.31697276	373.7871744	3	-28.223973	-0.8461321314	0.08	0.315412	0.86962
1046	1.001979	-4.239792198	3.41908815	362.6235479	3.59534973	344.8459729	3	-20.407081	-0.6117879627	0.44	0.316769	0.945987
1047	0.596126	-4.210487402	3.09780263	400.2326886	3.16971889	391.1519975	3	-19.559	-0.5863631728	0.07	0.40827	0.866651
1048	0.896057	-4.34571412	3.24246638	382.3761699	3.43894396	360.5298283	3	-18.583018	-0.5571040132	0.39	0.313525	0.940154
1049	0.746676	-4.495095191	3.95565201	313.4355278	3.95565201	313.4355278	3	-24.539901	-0.7356866001	0.07	0.33587	0.910236
1050	0.410668	-4.395946125	4.2099761	294.5009297	4.42894052	279.9409633	4	-28.860966	-0.8652286719	0.08	0.402722	0.859503
1051	0.997566	-4.244205272	3.97319852	312.0513282	4.1059275	301.9638986	4	-22.730926	-0.6814549767	0.09	0.31687	0.93611
1052	0.607651	-4.198962198	3.32215217	373.2044205	3.33980984	371.2312781	3	-17.851775	-0.5351819331	0.5	0.396307	0.976084
1053	1.548469	-4.610921673	2.02566816	612.0656383	2.08832938	593.700346	1	-42.258316	-1.266870507	0.5	0.144045	0.96727
1054	0.762795	-4.566577346	2.90142025	427.3224037	2.98695942	415.0849413	2	-25.385055	-0.7610236409	0.19	0.154527	0.850029
1055	1.122057	-5.037333583	0.94624747	1310.272328	1.50836086	821.9796126	1	-147.334514	-4.416970862	0.38	0.206492	0.866647
1056	1.006536	-4.322835833	1.70789933	725.9455248	1.94528703	637.3567789	2	-35.210986	-1.055597191	0.19	0.095315	0.908402
1057	1.426872	-4.713947011	3.13154845	395.9197487	3.30740535	374.8684374	1	-25.620969	-0.7680961538	0.5	0.137535	0.907092
1058	1.626553	-4.514266339	2.91317775	425.597743	3.28492178	377.4342156	1	-38.27272	-1.147385527	0.5	0.076012	0.954446
1059	0.919405	-4.409967388	2.30019271	539.0165224	2.51268435	493.4331984	2	-26.939656	-0.8076293352	0.19	0.122756	0.882327
1060	1.507507	-4.024278938	2.32175784	534.0099876	2.4177854	512.8006296	3	-26.782517	-0.8029184336	0.08	0.362229	0.856945
1061	1.267641	-4.264145416	2.41088969	514.2673597	2.43186433	509.8318439	3	-22.213681	-0.6659483854	0.09	0.384439	0.813457
1062	0.787652	-4.40457465	2.97585086	416.6344127	3.05908618	405.2981193	2	-21.635785	-0.6486235257	0.2	0.23487	0.877868
1063	0.890353	-4.301873686	2.13595726	580.4619309	2.34597168	528.4982278	2	-28.956307	-0.8680869188	0.18	0.132597	0.874462
1064	0.98516	-4.20706696	2.25131354	550.719326	2.46483169	503.0127941	1	-28.131934	-0.8433728758	0.5	0.11449	0.89014
1065	1.199238	-4.252047111	3.09357646	400.7794511	3.16450336	391.796669	2	-35.137778	-1.053402474	0.5	0.144697	0.899416
1066	0.364189	-4.212849156	2.23943422	553.640676	2.23943422	553.640676	1	-23.345566	-0.6998813922	0.5	0.422456	0.921972
1067	0.495805	-3.96883916	3.86660235	320.6540945	3.88117274	319.4503204	3	-23.562883	-0.706396382	0.09	0.333268	0.940844
1068	0.438689	-4.025955495	4.09833868	302.5230398	4.30671219	287.8859373	3	-21.630282	-0.6484585501	0.09	0.33612	0.956234
1069	0.488144	-4.240602129	2.69254783	460.4716253	2.69254783	460.4716253	1	-23.024683	-0.6902615766	0.5	0.501406	0.866718
1070	0.803271	-4.350899007	0.65630555	1889.122948	0.65630555	1889.122948	2	-38.222714	-1.145886388	0.5	0.278257	0.858296
1071	0.613703	-4.007563076	4.0627184	305.17544	4.3707037	283.6709968	3	-16.122204	-0.4833307782	0.5	0.370973	0.884058
1072	0.53906	-4.08220617	3.98606621	311.0439742	4.15365964	298.4938543	3	-20.753498	-0.6221732672	0.09	0.391162	0.955131
1073	0.828099	-4.090281552	3.43039627	361.4281785	3.51910946	352.3169397	3	-22.06104	-0.6613723304	0.06	0.390075	0.931325
1074	1.069912	-4.022199327	3.67385302	337.4772667	3.67385302	337.4772667	3	-12.60165	-0.3777873857	0.5	0.304213	0.932386
1075	0.929865	-4.162246572	4.23152595	293.0011277	4.23152595	293.0011277	2	-18.724209	-0.5613368065	0.09	0.306518	0.944452
1076	0.749095	-4.343016953	3.19329517	388.2641001	3.38204593	366.5952211	2	-23.30873	-0.6987770784	0.16	0.08402	0.923311
1077	0.1223	-4.21704673	4.16792261	297.4723841	4.35835421	284.4747847	3	-38.06092	-1.141035933	0.08	0.279252	0.988996
1078	0.11299	-4.351654582	4.50213568	275.389718	4.83369782	256.4996658	2	-18.085926	-0.5422015927	0.15	0.130052	0.88049
1079	0.250963	-4.213681303	4.464485	277.712183	4.82711863	256.8492657	3	-19.724918	-0.5913372617	0.5	0.317737	0.926285
1080	0.379376	-4.180565559	4.7712545	259.8565797	4.81721125	257.377518	1	-17.852799	-0.5352126318	0.5	0.094431	0.926139
1081	0.300668	-4.320598735	4.80230927	258.1761827	4.80230927	258.1761827	3	-27.118173	-0.812981132	0.08	0.404374	0.99411
1082	0.676468	-4.415643594	4.60215579	269.404586	4.61173526	268.8449804	2	-41.315171	-1.238595774	0.08	0.289882	0.917
1083	0.647669	-4.444442945	4.02275662	308.2070313	4.26302216	290.8363665	2	-16.997529	-0.5095723214	0.19	0.145259	0.854741
1084	0.770569	-4.321542265	4.83443967	256.4603057	5.02692783	246.6400787	1	-35.92884	-1.07711788	0.5	0.096439	0.951238
1085	0.337226	-4.284040416	4.75710901	260.6292756	5.00845282	247.5498762	2	-25.594998	-0.767317564	0.09	0.363903	0.87145
1086	0.603618	-4.148934279	3.73035778	332.3654053	3.88298595	319.301149	1	-34.971139	-1.04840677	0.5	0.190715	0.981808
1087	0.519017	-4.233534606	4.84718914	255.785743	5.14434662	241.0105631	2	-11.747233	-0.3521726476	0.13	0.110403	0.889601
1088	0.882989	-4.522530137	3.90599496	317.4202446	4.12359205	300.6703525	3	-24.124688	-0.7232388465	0.17	0.180668	0.819423
1089	1.071859	-4.251892931	4.08634237	303.4111592	4.08634237	303.4111592	4	-6.405257	-0.1920244807	0	0.095609	0.904391
1090	0.91547	-4.012130037	6.89811741	179.7362674	7.03548306	176.2269719	3	-43.266078	-1.297082406	0.5	0.226978	1
1091	0.394122	-4.891342433	4.90084323	252.9854185	4.90084323	252.9854185	3	-15.114773	-0.4531288027	0.08	0.257294	0.999999
1092	0.354749	-4.830321985	4.96877419	249.5267098	4.96877419	249.5267098	3	-15.82212	-0.4743344999	0.5	0.239654	0.997202
1093	0.510679	-4.475882359	1.92332227	644.6355324	1.96911463	629.6443369	2	-26.517236	-0.7949655215	0.14	0.262382	0.94714
1094	0.362547	-4.699822453	5.77664814	214.6299801	5.83749557	212.3927737	3	-24.973614	-0.7486889688	0.11	0.212158	0.99227
1095	0.494323	-4.492238353	3.04330936	407.3992252	3.34077082	371.1244926	1	-33.646773	-1.008703337	0.5	0.226214	0.945806
1096	0.306787	-4.549491087	3.75361715	330.3058959	3.77551907	328.3897796	2	-34.378332	-1.030634891	0.5	0.078048	0.939149
1097	0.2987	-4.763669096	5.18635359	239.0584934	5.18635359	239.0584934	3	-17.586542	-0.5272304599	0.5	0.227769	0.993001
1098	0.477336	-4.378942403	1.60455287	772.7024136	1.60455287	772.7024136	1	-34.758356	-1.042027706	0.5	0.258573	0.927841
1099	0.356982	-4.552008942	5.88919161	210.5283641	6.05773017	204.6710303	3	-12.541235	-0.3759761923	0.5	0.192436	0.98596
1100	0.283547	-4.642811621	4.42801133	279.9997071	4.42801133	279.9997071	3	-13.333216	-0.3997191491	0.5	0.281176	0.942976
1101	0.199078	-4.571400112	3.98291216	311.2902885	3.98291216	311.2902885	3	-17.267809	-0.5176750996	0.44	0.260346	0.993544
1102	0.358165	-4.568194141	4.47420504	277.1088639	4.6348622	267.5035032	2	-12.481795	-0.3741942287	0.08	0.276437	0.951386
1103	0.720715	-4.373254703	2.89742646	427.9114216	3.21816947	385.263078	2	-31.787051	-0.9529503593	0.13	0.219755	0.977567
1104	0.182169	-4.436417906	4.59032061	270.0991893	4.59032061	270.0991893	3	-20.570437	-0.6166852449	0.5	0.248496	0.99731
1105	0.276807	-4.49810349	5.00409028	247.7656889	5.00409028	247.7656889	3	-10.490627	-0.314500605	0.48	0.258106	0.955214
1106	0.103359	-4.515228082	4.47944825	276.784507	4.47944825	276.784507	2	-19.809161	-0.5938627995	0.1	0.233666	0.995268
1107	0.243216	-4.375370893	4.32473368	286.686295	4.77086341	259.8778814	3	-14.480622	-0.4341174631	0.44	0.238814	0.994554
1108	0.730227	-4.596244112	3.25050318	381.430753	3.25050318	381.430753	2	-12.721095	-0.3813682512	0.08	0.233196	0.949507
1109	0.193516	-4.581395135	4.81736418	257.3693474	4.81736418	257.3693474	2	-9.034455	-0.2708457333	0.5	0.26079	0.94422
1110	0.602011	-4.604094441	3.67035803	337.7986195	3.67035803	337.7986195	3	-13.795913	-0.413590435	0.5	0.224476	0.951566
1111	0.734684	-4.471421799	3.97917981	311.5822694	3.97917981	311.5822694	3	-30.85225	-0.9249257732	0.1	0.204347	0.9618
1112	0.248133	-4.526777636	4.9435383	250.8004996	4.9435383	250.8004996	3	-10.418105	-0.3123264534	0.5	0.269949	0.95026
1113	0.185212	-4.244742979	4.25662979	291.2731284	4.27162258	290.250801	2	-14.01539	-0.4201701799	0.09	0.435005	0.823531
1114	0.615498	-4.423514593	3.32474492	372.9133829	3.32474492	372.9133829	3	-15.609502	-0.4679603824	0.42	0.26977	0.951537
1115	0.284849	-4.333737811	4.13473603	299.8599829	4.50897807	274.9718132	3	-15.845165	-0.4750253706	0.38	0.244617	0.996843
1116	0.340267	-4.434643599	4.7125217	263.0952077	4.71414606	263.0045526	1	-9.517685	-0.2853325822	0.5	0.265885	0.961308
1117	0.52156	-4.334718418	2.15775344	574.5984932	2.48755889	498.4170949	2	-35.05389	-1.050887579	0.15	0.248184	0.956016
1118	0.552645	-4.408499951	3.32698773	372.6619922	3.32911307	372.4240809	3	-22.125377	-0.6633011022	0.17	0.228467	0.892801
1119	0.142365	-4.476221158	4.22211276	293.654373	4.22211276	293.654373	3	-26.274616	-0.787691968	0.5	0.241749	0.994394
1120	0.210881	-4.260694624	2.56185023	483.9634499	2.79710283	443.2593118	2	-27.763921	-0.8323401404	0.17	0.247171	0.951244
1121	0.176123	-4.256818954	4.8359492	256.3802522	4.8359492	256.3802522	3	-22.782673	-0.6830063104	0.5	0.224666	0.995066
1122	0.24081	-4.456233115	3.74256257	331.2815356	3.74437781	331.1209334	2	-24.490832	-0.7342155507	0.5	0.068734	0.942169
1123	0.344582	-4.241019093	3.83512976	323.2855087	3.92226638	316.1034349	3	-19.383689	-0.5811074893	0.5	0.299533	0.916975
1124	0.340465	-4.257100502	2.82891967	438.2739774	2.83672281	437.0683914	2	-21.467108	-0.6435667242	0.5	0.334164	0.945274
1125	0.956447	-4.268799999	2.85383869	434.4470764	3.15496701	392.9809318	2	-15.121594	-0.4533332908	0.5	0.253023	0.857516
1126	0.668566	-4.370447145	4.07039746	304.5997074	4.16036031	298.0131006	3	-12.082063	-0.3622105831	0.08	0.271453	0.939959
1127	0.570776	-4.311939756	4.19869018	295.292537	4.19869018	295.292537	2	-8.641179	-0.2590556335	0.47	0.260212	0.943811
1128	0.70307	-4.17964522	3.61681581	342.7992855	3.61681581	342.7992855	3	-19.130338	-0.573512229	0.5	0.263899	0.89952
1129	0.539724	-4.342991272	4.57702339	270.8838845	4.5977539	269.662514	3	-11.149806	-0.334262264	0.5	0.263136	0.889479
1130	0.438387	-4.444328285	4.69131258	264.2846441	4.69131258	264.2846441	3	-13.637846	-0.4088517128	0.5	0.260202	0.934527
1131	0.1094	-4.37805269	4.65254122	266.4870265	4.65254122	266.4870265	3	-10.365392	-0.3107461598	0.5	0.329597	0.992547
1132	0.823643	-4.382463221	3.3329065	372.0001973	3.3329065	372.0001973	3	-16.522294	-0.4953251563	0.5	0.2172	0.94682
1133	0.199105	-4.419481309	4.12345635	300.6802474	4.35351293	284.791132	3	-22.638315	-0.678678573	0.5	0.238253	0.992997
1134	0.022414	-4.410527765	5.06258003	244.9031656	5.22035741	237.5013391	2	-16.594686	-0.4974954105	0.16	0.121413	0.951453
1135	0.1616	-4.198274522	3.47631216	356.6543562	3.74029167	331.4826716	3	-14.692175	-0.4404596528	0.38	0.277473	0.943365
1136	0.432139	-4.264904258	2.73192657	453.8342608	2.73192657	453.8342608	2	-29.167587	-0.8744209242	0.5	0.235483	0.960213
1137	-0.081656	-4.337147944	3.69083583	335.9244173	3.69083583	335.9244173	3	-27.61715	-0.8279400633	0.5	0.26328	0.988069
1138	-0.004243	-4.364116943	4.04961106	306.1631987	4.04961106	306.1631987	2	-17.85064	-0.5351479067	0.5	0.289095	0.932995
1139	0.136949	-4.295992478	4.47778566	276.8872763	4.72093805	262.6261693	3	-22.958148	-0.6882669105	0.5	0.224575	0.987978
1140	0.204111	-4.228830556	4.40168969	281.6740758	4.40168969	281.6740758	2	-17.350255	-0.5201467647	0.5	0.195964	0.987813
1141	0.245	-4.663991171	5.66425428	218.8888094	5.66425428	218.8888094	2	-14.751547	-0.4422395778	0.14	0.079644	0.949786
1142	0.659429	-4.546676918	3.38799301	365.9517218	3.38799301	365.9517218	3	-15.108193	-0.4529315396	0.5	0.221443	0.951439
1143	0.246462	-4.528449183	4.61738266	268.5161631	4.61738266	268.5161631	3	-10.505053	-0.3149330849	0.46	0.263517	0.945228
1144	0.281228	-4.493683391	4.56833136	271.3992873	4.62940846	267.8186395	2	-9.086812	-0.2724153543	0.5	0.260662	0.95016
1145	0.173573	-4.412027474	5.0707555	244.5083135	5.12168486	242.076955	3	-7.913024	-0.2372261291	0.5	0.245044	0.949827
1146	0.346388	-4.36540358	6.43312136	192.7278853	6.47605077	191.450302	3	-21.824738	-0.6542881855	0.5	0.185755	0.990622
1147	0.158175	-4.427425743	5.13712783	241.3492357	5.27178876	235.184286	2	-14.587925	-0.4373343212	0.15	0.082118	0.949547
1148	0.609055	-4.442295421	4.5859207	270.3583329	4.72140734	262.6000652	2	-65.094913	-1.951493416	0.5	0.072059	0.963098
1149	0.83526	-4.216091236	3.83464906	323.3260348	3.83464906	323.3260348	3	-10.106577	-0.3029870932	0.5	0.198622	0.951126
1150	0.2772	-4.308400836	5.13447981	241.4737074	5.13447981	241.4737074	2	-6.407992	-0.1921064738	0.5	0.254459	0.943175
1151	0.132215	-4.453385935	5.36047535	231.2932706	5.36047535	231.2932706	3	-12.853792	-0.3853464011	0.5	0.256146	0.948518
1152	0.235021	-4.350580423	4.95656833	250.141185	4.97107307	249.4113158	2	-16.940709	-0.5078689033	0.5	0.252294	0.968021
1153	0.634566	-4.248148968	3.56371194	347.9074337	3.59765305	344.6251926	2	-11.891682	-0.356503113	0.39	0.253055	0.897377
1154	0.48983	-4.392884963	3.23462468	383.3031644	3.23462468	383.3031644	2	-17.163452	-0.5145465602	0.5	0.260261	0.891792
1155	0.6367	-4.24601522	3.5198387	352.2439467	3.5198387	352.2439467	3	-20.959977	-0.6283633425	0.5	0.260865	0.955254
1156	0.271189	-4.216264033	3.39483642	365.2140257	3.45908534	358.4305542	2	-11.354517	-0.340399336	0.5	0.323055	0.894891
1157	0.532765	-4.349950355	3.3662054	368.3203275	3.3662054	368.3203275	2	-17.045814	-0.5110198671	0.5	0.257864	0.950657
1158	0.381909	-4.500806521	3.88157764	319.4169975	3.88157764	319.4169975	3	-19.191908	-0.5753580483	0.5	0.268473	0.929021
1159	0.085026	-4.402426848	4.41008939	281.1375838	4.41008939	281.1375838	3	-14.063887	-0.4216240812	0.5	0.331028	0.885007
1160	0.63419	-4.248525383	4.03103235	307.5742807	4.03103235	307.5742807	3	-18.458132	-0.5533600309	0.5	0.2596	0.947701
1161	0.281823	-4.205629399	3.73086356	332.3203477	3.73756078	331.7248731	3	-14.382209	-0.4311671201	0.5	0.321128	0.980481
1162	1.255031	-4.545303608	2.45323082	505.3914476	2.45323082	505.3914476	2	-27.398257	-0.8213778263	0.5	0.108339	0.983775
1163	0.421826	-4.548490685	3.1362642	395.3244358	3.15023028	393.5718234	2	-20.66081	-0.6193945552	0.18	0.123108	0.880774
1164	1.177889	-4.622446137	2.73150096	453.9049752	2.73150096	453.9049752	4	-81.608533	-2.446558533	0.5	0.195236	0.883452
1165	0.667782	-4.302534704	1.77787201	697.3740902	2.04682397	605.7393765	1	-31.321307	-0.9389877268	0.5	0.076676	0.92767
1166	0.762533	-4.967936203	3.82121219	324.462975	3.94326438	314.4201747	1	-13.801824	-0.4137676421	0.26	0.055493	0.971778
1167	1.315742	-4.414727987	2.4647586	503.0277105	2.92164422	424.364427	1	-39.443487	-1.182484185	0.5	0.068985	0.962544
1168	0.579615	-4.390700825	2.48285756	499.3608556	2.68000276	462.627089	2	-20.247713	-0.6070102376	0.17	0.157254	0.911532
1169	1.090085	-4.031351234	2.32696489	532.8150333	2.41288075	513.8429968	2	-11.89648	-0.3566469532	0.5	0.294439	0.884106
1170	0.846486	-4.274950373	2.44404482	507.2909733	2.45807404	504.3956591	3	-11.019807	-0.330364998	0.5	0.317757	0.846391
1171	0.200874	-4.581002731	5.26874205	235.320284	5.27125024	235.2083128	2	-29.906091	-0.8965606833	0.5	0.523411	0.912153
1172	0.499571	-4.282305876	2.31297241	536.0383332	2.51296963	493.3771824	2	-21.22631	-0.6363477928	0.16	0.107347	0.900613
1173	0.595665	-4.186211854	2.42820741	510.599659	2.66700068	464.8824744	1	-26.384935	-0.7909992434	0.5	0.089962	0.914452
1174	0.846512	-4.245717224	3.39296332	365.4156436	3.48030461	356.2452183	2	-21.05118	-0.6310975355	0.42	0.119543	0.921322
1175	-0.007166	-4.296960003	3.60820393	343.6174616	3.60820393	343.6174616	2	-28.826069	-0.8641824878	0.17	0.074606	0.928604
1176	0.169265	-3.976218995	4.07251515	304.4413169	4.08377305	303.6020514	3	-12.743445	-0.3820382863	0.44	0.272787	0.951712
1177	0.116591	-4.028892695	4.2552997	291.3641724	4.49577083	275.7795987	2	-19.803611	-0.5936964149	0.5	0.270825	0.96417
1178	0.259172	-4.150413402	0.62145708	1995.056321	0.62145708	1995.056321	2	-22.35018	-0.6700405163	0.18	0.065768	0.93616
1179	0.438809	-4.356305963	2.11865012	585.2036935	2.11865012	585.2036935	2	-19.262301	-0.5774683741	0.5	0.214839	0.893022
1180	0.245872	-4.016338749	3.97919354	311.5811943	4.26420614	290.7556142	3	-9.897104	-0.2967072602	0.5	0.308691	0.907738
1181	0.173077	-4.089133399	4.09812658	302.5386969	4.32852759	286.4350174	3	-13.608292	-0.4079657075	0.5	0.313491	0.964371
1182	0.461005	-4.098319608	3.81425928	325.0544298	3.89500017	318.3162571	2	-10.438969	-0.3129519394	0.5	0.308385	0.945768
1183	0.64926	-4.032502066	3.59005813	345.3542618	3.59005813	345.3542618	3	-9.447776	-0.2832367663	0.45	0.25239	0.943966
1184	0.513076	-4.168686156	4.14699117	298.9738402	4.14699117	298.9738402	2	-13.527369	-0.4055397007	0.5	0.248539	0.955036
1185	0.347932	-4.333829764	3.53145687	351.0850963	3.54440319	349.8027197	1	-9.700194	-0.290804056	0.5	0.432611	0.635257
1186	-0.16707	-4.219171826	4.46434467	277.7209125	4.56874062	271.3749759	3	-13.809447	-0.4139961735	0.45	0.23507	0.991255
1187	-0.188684	-4.334167429	4.69892896	263.8562715	4.69892896	263.8562715	2	-13.197525	-0.3956512415	0.16	0.20868	0.938713
1188	-0.074968	-4.220451091	4.84812704	255.7362596	4.86850663	254.6657465	3	-14.605623	-0.437864893	0.5	0.263814	0.937691
1189	0.040305	-4.160580093	4.98674196	248.6276381	5.08749927	243.7035977	2	-16.737419	-0.5017744317	0.18	0.078087	0.943231
1190	-0.070917	-4.333127951	4.83955333	256.1893197	4.83955333	256.1893197	3	-13.037366	-0.3908498028	0.5	0.322642	0.997108
1191	0.258164	-4.423597248	4.73493128	261.8500253	4.740157	261.5613524	3	-16.489264	-0.4943349433	0.5	0.242688	0.931797
1192	0.362238	-4.319523431	4.38916387	282.4779188	4.69017418	264.3487913	2	-17.598865	-0.5275998936	0.11	0.244861	0.897267
1193	0.384347	-4.297414893	5.13467196	241.464671	5.13467196	241.464671	1	-37.138016	-1.113368009	0.5	0.084589	0.981973
1194	-0.031198	-4.293408446	5.08341518	243.8993927	5.08341518	243.8993927	3	-9.366828	-0.28081001	0.5	0.300501	0.894245
1195	0.23338	-4.108822569	4.31046274	287.6354466	4.37446787	283.4269018	3	-16.745828	-0.5020265268	0.5	0.274137	0.931689
1196	0.128268	-4.213934658	5.54400154	223.6366398	5.7856223	214.2970645	2	-10.303128	-0.3088795349	0.15	0.089265	0.910737
1197	0.411363	-4.515413934	4.04477419	306.5293184	4.21012803	294.4903021	3	-16.756785	-0.5023550089	0.17	0.181493	0.818547
1198	0.718656	-4.126354606	3.5707504	347.2216583	3.5707504	347.2216583	2	-92.124509	-2.76181908	0.5	0.082938	0.917062
1199	0.406733	-4.042124888	7.10111174	174.5982771	7.12803183	173.9388803	3	-18.765751	-0.5625822024	0.5	0.189408	1
